J_best,J_mean,J_std,EU_best,EU_mean,I_ow_best,I_ow_mean,I_ao_best,I_ao_mean,I_wago_best,I_wago_mean,n_runs,beta2,beta3,pagw_path
-6.119700879964386,-6.119700879964387,8.881784197001252e-16,-6.119700870221467,-6.119700870221467,-1.4802973661668756e-16,-1.4802973661668753e-16,0.0,0.0,9.74291874661598e-10,9.74291874661598e-10,3,0.1,0.1,/home/pzc/Documents/phd/programming_projects/selective_attention/sweep_blahut_arimoto_optimisation/results/artifacts/pagw_b2=0.100000_b3=0.100000.npy
-6.119700846574891,-6.131952583453468,0.021220627106975205,-6.119700846574892,-6.120407798854945,36.84136148790471,18.593967539092343,-1.1102230246251563e-16,0.0002887655477346639,0.0,0.0012029041908080092,4,0.1,0.13894954943731375,/home/pzc/Documents/phd/programming_projects/selective_attention/sweep_blahut_arimoto_optimisation/results/artifacts/pagw_b2=0.100000_b3=0.138950.npy
-6.119700846574891,-6.569700847353621,0.5511351914903833,-6.119700846574892,-6.569700846842705,36.148214307344766,29.19583031809979,-1.1102230246251564e-16,-1.1102230032172203e-16,0.0,9.864249199215964e-11,5,0.1,0.193069772888325,/home/pzc/Documents/phd/programming_projects/selective_attention/sweep_blahut_arimoto_optimisation/results/artifacts/pagw_b2=0.100000_b3=0.193070.npy
-6.119700846574891,-6.569700847136391,0.5511351916677524,-6.119700846574892,-6.56970084651874,36.14821430734476,29.19583031809979,-1.1102230246251564e-16,-8.88178419700125e-17,0.0,1.6569762140997542e-10,5,0.1,0.2682695795279726,/home/pzc/Documents/phd/programming_projects/selective_attention/sweep_blahut_arimoto_optimisation/results/artifacts/pagw_b2=0.100000_b3=0.268270.npy
-6.119700846574891,-6.569700846890913,0.5511351918681838,-6.119700846574892,-6.569700846149141,36.148214307344766,29.19583031809979,-1.1102230246251564e-16,-8.88178419700125e-17,0.0,2.765029266319089e-10,5,0.1,0.372759372031494,/home/pzc/Documents/phd/programming_projects/selective_attention/sweep_blahut_arimoto_optimisation/results/artifacts/pagw_b2=0.100000_b3=0.372759.npy
-6.119825202009558,-6.794750588748758,0.5510742706538794,-6.116744341720197,-6.793518244633013,-1.4802973661668756e-16,21.966187456630838,-1.1220189134035789e-16,-1.1149413801365254e-16,0.0015957237859000226,0.000638289514360009,5,0.1,0.517947467923121,/home/pzc/Documents/phd/programming_projects/selective_attention/sweep_blahut_arimoto_optimisation/results/artifacts/pagw_b2=0.100000_b3=0.517947.npy
-6.119700846574891,-7.019700846574892,0.45000000000000034,-6.119700846574892,-7.019700846574892,36.84136148790471,36.564102615680724,-1.1102230246251564e-16,-1.1102230246251563e-16,0.0,0.0,5,0.1,0.7196856730011519,/home/pzc/Documents/phd/programming_projects/selective_attention/sweep_blahut_arimoto_optimisation/results/artifacts/pagw_b2=0.100000_b3=0.719686.npy
-5.915859957412275,-6.753932668742368,0.6045123798310861,-5.475529809358074,-6.6658666391315275,-1.4802973661668756e-16,29.19583031809979,7.56704409557714e-17,-7.368375377885824e-17,0.4403301480541999,0.08806602961083998,5,0.1,1.0,/home/pzc/Documents/phd/programming_projects/selective_attention/sweep_blahut_arimoto_optimisation/results/artifacts/pagw_b2=0.100000_b3=1.000000.npy
-5.775873111746088,-6.725935299609129,0.6445915685158914,-5.372259852882894,-6.645212647836492,-1.4802973661668756e-16,29.33445975421178,-1.0458680120415268e-16,-1.0973520221084306e-16,0.5608188046596686,0.11216376093193373,5,0.1,1.3894954943731375,/home/pzc/Documents/phd/programming_projects/selective_attention/sweep_blahut_arimoto_optimisation/results/artifacts/pagw_b2=0.100000_b3=1.389495.npy
-5.652339159251013,-6.926228509110116,0.6369446749295513,-5.305769168529881,-6.856914510965891,-1.4802973661668756e-16,29.33445975421178,-8.184569369365377e-17,-1.0518698070874327e-16,0.6691218939843796,0.13382437879687592,5,0.1,1.9306977288832496,/home/pzc/Documents/phd/programming_projects/selective_attention/sweep_blahut_arimoto_optimisation/results/artifacts/pagw_b2=0.100000_b3=1.930698.npy
-5.3848108310073695,-6.8727228434613865,0.7439560062270082,-5.3848108310073695,-6.8727228434613865,36.148214307344766,36.56410261568074,4.930380657631324e-32,-8.88178419700125e-17,0.0,0.0,5,0.1,2.6826957952797246,/home/pzc/Documents/phd/programming_projects/selective_attention/sweep_blahut_arimoto_optimisation/results/artifacts/pagw_b2=0.100000_b3=2.682696.npy
-5.462976628437937,-6.888356002947499,0.7126896872547814,-5.232680078105865,-6.842296692881087,-1.4802973661668756e-16,29.33445975421178,9.618932176914252e-17,-6.957997761618401e-17,0.8584519748280206,0.17169039496560412,5,0.1,3.72759372031494,/home/pzc/Documents/phd/programming_projects/selective_attention/sweep_blahut_arimoto_optimisation/results/artifacts/pagw_b2=0.100000_b3=3.727594.npy
-7.244700846574889,-7.244700846574891,1.2560739669470201e-15,-7.24470084657489,-7.244700846574892,36.84136148790471,36.70273205179272,-1.1102230246251563e-16,-1.1102230246251563e-16,0.0,0.0,5,0.1,5.17947467923121,/home/pzc/Documents/phd/programming_projects/selective_attention/sweep_blahut_arimoto_optimisation/results/artifacts/pagw_b2=0.100000_b3=5.179475.npy
-7.244700846574889,-7.244700846574891,1.2560739669470201e-15,-7.24470084657489,-7.244700846574892,36.84136148790471,36.56410261568074,-1.1102230246251563e-16,-1.1102230246251563e-16,0.0,0.0,5,0.1,7.196856730011517,/home/pzc/Documents/phd/programming_projects/selective_attention/sweep_blahut_arimoto_optimisation/results/artifacts/pagw_b2=0.100000_b3=7.196857.npy
-5.306007242898626,-6.107349736580071,0.9289434136206566,-5.2052514248426816,-6.087198572968882,-1.4802973661668756e-16,29.057200881987804,-1.1846279009960384e-16,-9.030593949743015e-17,1.007558180559455,0.201511636111891,5,0.1,10.0,/home/pzc/Documents/phd/programming_projects/selective_attention/sweep_blahut_arimoto_optimisation/results/artifacts/pagw_b2=0.100000_b3=10.000000.npy
-5.3726523597350715,-6.495881451838963,0.9171127133013814,-5.213376453401718,-6.432171089305622,-1.4802973661668756e-16,21.966187456630838,1.1527724243208539e-16,-2.050248450467523e-17,0.9469762745182663,0.3787905098073065,5,0.11267091005390734,5.945508622856709,/home/pzc/Documents/phd/programming_projects/selective_attention/sweep_blahut_arimoto_optimisation/results/artifacts/pagw_b2=0.112671_b3=5.945509.npy
-5.325062414607899,-6.860773160181492,0.7678553727867963,-5.207105045075401,-6.837181686274993,-1.4802973661668756e-16,29.47308919032377,-6.533165917578778e-17,-1.0188417380517006e-16,0.99063596839561,0.198127193679122,5,0.11267091005390734,8.398254151663428,/home/pzc/Documents/phd/programming_projects/selective_attention/sweep_blahut_arimoto_optimisation/results/artifacts/pagw_b2=0.112671_b3=8.398254.npy
-5.306007242898627,-6.094417210474601,0.9394994038094421,-5.2052514248426816,-6.054114883252224,-1.4802973661668756e-16,22.104816892742825,-4.02240722888206e-17,-3.829408940803136e-17,1.0075581805594547,0.40302327222378187,5,0.11267091005390734,10.0,/home/pzc/Documents/phd/programming_projects/selective_attention/sweep_blahut_arimoto_optimisation/results/artifacts/pagw_b2=0.112671_b3=10.000000.npy
-6.119700846574891,-6.344700847200991,0.44999999968694965,-6.119700846574892,-6.3447008466553925,36.14821430734476,29.33445975421178,-1.1102230246251564e-16,-1.110223025019117e-16,0.0,1.2753121901848848e-10,5,0.13826738381391998,0.23374569520273827,/home/pzc/Documents/phd/programming_projects/selective_attention/sweep_blahut_arimoto_optimisation/results/artifacts/pagw_b2=0.138267_b3=0.233746.npy
-6.119700846574891,-6.794700846574893,0.5511351921262153,-6.119700846574892,-6.794700846574893,36.148214307344766,36.42547317956875,-1.1102230246251564e-16,-1.1102230246251563e-16,0.0,0.0,5,0.13826738381391998,0.33017457036781467,/home/pzc/Documents/phd/programming_projects/selective_attention/sweep_blahut_arimoto_optimisation/results/artifacts/pagw_b2=0.138267_b3=0.330175.npy
-6.119700846574891,-6.569700962048363,0.5511350978425614,-6.119700846574892,-6.569700207388008,36.14821430734476,29.057200881987804,-1.1102230246251564e-16,-1.110221972790894e-16,0.0,3.5196149735301164e-07,5,0.13826738381391998,0.46638397692422573,/home/pzc/Documents/phd/programming_projects/selective_attention/sweep_blahut_arimoto_optimisation/results/artifacts/pagw_b2=0.138267_b3=0.466384.npy
-6.119700846621679,-6.119700883498913,4.307459460647763e-08,-6.119700846603077,-6.119700870231442,0.6929431058672836,0.4154799587477932,1.894516124442159e-12,9.545731560722288e-10,4.967852715965644e-13,6.397545875816163e-10,5,0.13894954943731375,0.1,/home/pzc/Documents/phd/programming_projects/selective_attention/sweep_blahut_arimoto_optimisation/results/artifacts/pagw_b2=0.138950_b3=0.100000.npy
-6.119700852526435,-6.11970085285958,1.8370137931786591e-10,-6.119700849976682,-6.119700850167101,-1.4802973661668756e-16,-1.4802973661668756e-16,0.0,-1.1102230185762411e-16,3.5428703079933257e-10,3.7411880121488624e-10,5,0.13894954943731375,0.13894954943731375,/home/pzc/Documents/phd/programming_projects/selective_attention/sweep_blahut_arimoto_optimisation/results/artifacts/pagw_b2=0.138950_b3=0.138950.npy
-5.915859957412275,-6.9789326687423685,0.5315363556650464,-5.475529809358074,-6.890866639131528,-1.4802973661668756e-16,29.33445975421178,2.1211116904046785e-16,-4.639560816191893e-17,0.4403301480541994,0.08806602961083988,5,0.13894954943731375,1.0,/home/pzc/Documents/phd/programming_projects/selective_attention/sweep_blahut_arimoto_optimisation/results/artifacts/pagw_b2=0.138950_b3=1.000000.npy
-5.3445780399309655,-5.890472168555291,0.7379363420113719,-5.209382657952404,-5.86343309215958,-1.4802973661668756e-16,29.33445975421178,-2.354601389024377e-16,-1.2480763950424843e-16,0.9729817946589,0.19459635893178,5,0.13894954943731375,7.196856730011521,/home/pzc/Documents/phd/programming_projects/selective_attention/sweep_blahut_arimoto_optimisation/results/artifacts/pagw_b2=0.138950_b3=7.196857.npy
-5.306007242898626,-6.107349736580069,0.9289434136206565,-5.2052514248426816,-6.08719857296888,-1.4802973661668756e-16,29.057200881987804,-1.71358410895745e-16,-1.230895241491615e-16,1.007558180559455,0.201511636111891,5,0.13894954943731375,10.0,/home/pzc/Documents/phd/programming_projects/selective_attention/sweep_blahut_arimoto_optimisation/results/artifacts/pagw_b2=0.138950_b3=10.000000.npy
-5.518827602582462,-6.899526197776405,0.6903492975969712,-5.249914031580043,-6.845743483575921,-1.4802973661668756e-16,29.19583031809979,6.155292130208629e-17,-7.650725770959526e-17,0.80131215991167,0.160262431982334,5,0.15915189063795748,2.979813019196647,/home/pzc/Documents/phd/programming_projects/selective_attention/sweep_blahut_arimoto_optimisation/results/artifacts/pagw_b2=0.159152_b3=2.979813.npy
-5.375763145520718,-6.645913306364056,0.7701714794593404,-5.375763145520719,-6.645913306364058,36.84136148790471,36.56410261568074,-1.1102230246251563e-16,-1.1102230246251563e-16,0.0,0.0,5,0.15915189063795748,4.209097765570948,/home/pzc/Documents/phd/programming_projects/selective_attention/sweep_blahut_arimoto_optimisation/results/artifacts/pagw_b2=0.159152_b3=4.209098.npy
-6.222525633756914,-7.0402658040112955,0.40887008512719064,-5.369509539565403,-6.8696625851729936,3.2166996674987653,29.839170251599548,0.05606739455115107,0.011213478910230125,2.977079716194311,0.5954159432388623,5,0.15915189063795748,5.945508622856709,/home/pzc/Documents/phd/programming_projects/selective_attention/sweep_blahut_arimoto_optimisation/results/artifacts/pagw_b2=0.159152_b3=5.945509.npy
-5.3468176303397295,-6.865124203327859,0.7591532864940643,-5.209669546426348,-6.837694586545183,-1.4802973661668756e-16,29.47308919032377,-1.1661743919800829e-16,-1.1214132980961418e-16,0.9709340784284155,0.1941868156856831,5,0.15915189063795748,7.079457843841379,/home/pzc/Documents/phd/programming_projects/selective_attention/sweep_blahut_arimoto_optimisation/results/artifacts/pagw_b2=0.159152_b3=7.079458.npy
-5.325062414607899,-6.476845473788094,0.9404269297911061,-5.207105045075401,-6.429662525975095,-1.4802973661668756e-16,22.104816892742825,-7.835647287462176e-17,-9.79559706273581e-17,0.9906359683956095,0.3962543873582438,5,0.15915189063795748,8.398254151663428,/home/pzc/Documents/phd/programming_projects/selective_attention/sweep_blahut_arimoto_optimisation/results/artifacts/pagw_b2=0.159152_b3=8.398254.npy
-5.306007242898626,-6.0944172104746,0.9394994038094439,-5.2052514248426816,-6.054114883252224,-1.4802973661668756e-16,21.966187456630838,-1.3113433860692534e-16,-1.1906711692027951e-16,1.0075581805594542,0.4030232722237817,5,0.15915189063795748,10.0,/home/pzc/Documents/phd/programming_projects/selective_attention/sweep_blahut_arimoto_optimisation/results/artifacts/pagw_b2=0.159152_b3=10.000000.npy
-6.119700846841341,-6.119701105382176,2.999869235793406e-07,-6.119700846696034,-6.119700965840362,0.6929431058672841,0.6322075085056933,2.2421345372128188e-11,2.1247473077449437e-08,2.9175330053182217e-12,2.949106507978356e-09,5,0.193069772888325,0.1,/home/pzc/Documents/phd/programming_projects/selective_attention/sweep_blahut_arimoto_optimisation/results/artifacts/pagw_b2=0.193070_b3=0.100000.npy
-6.119700850468544,-6.119700850554179,1.4213633459712494e-10,-6.119700847913964,-6.119700847943413,-1.4802973661668756e-16,-1.4802973661668756e-16,-1.110223134642392e-16,-8.881785099481227e-17,4.932124599608401e-10,5.040598870208908e-10,5,0.193069772888325,0.193069772888325,/home/pzc/Documents/phd/programming_projects/selective_attention/sweep_blahut_arimoto_optimisation/results/artifacts/pagw_b2=0.193070_b3=0.193070.npy
-5.9158599574122706,-14.690136004726497,15.563802342999795,-5.475529809358071,-6.51598142333722,-1.4802973661668756e-16,21.966309912554273,8.560387684033574e-17,0.13858862117345638,0.4403301480541991,7.4563383271917925,5,0.193069772888325,1.0,/home/pzc/Documents/phd/programming_projects/selective_attention/sweep_blahut_arimoto_optimisation/results/artifacts/pagw_b2=0.193070_b3=1.000000.npy
-7.244700846574889,-7.244700846574889,1.1234667099445444e-15,-7.24470084657489,-7.244700846574891,36.84136148790471,36.56410261568074,-1.1102230246251563e-16,-1.1102230246251563e-16,0.0,0.0,5,0.193069772888325,5.179474679231212,/home/pzc/Documents/phd/programming_projects/selective_attention/sweep_blahut_arimoto_optimisation/results/artifacts/pagw_b2=0.193070_b3=5.179475.npy
-5.306007242898626,-6.482155931209855,0.9341468019012205,-5.2052514248426816,-6.462004767598666,-1.4802973661668756e-16,29.33445975421178,-1.1846279009960384e-16,-9.030593949743015e-17,1.0075581805594545,0.20151163611189088,5,0.193069772888325,10.0,/home/pzc/Documents/phd/programming_projects/selective_attention/sweep_blahut_arimoto_optimisation/results/artifacts/pagw_b2=0.193070_b3=10.000000.npy
-6.119700851362366,-6.119700851565971,1.5034159902638323e-10,-6.119700848182756,-6.119700848536789,1.0527750341396716,0.5656260879252463,5.097039930942145e-10,2.9957186889467286e-10,9.430077021004996e-11,2.474475961528495e-10,5,0.1953078708339265,0.16547927953671815,/home/pzc/Documents/phd/programming_projects/selective_attention/sweep_blahut_arimoto_optimisation/results/artifacts/pagw_b2=0.195308_b3=0.165479.npy
-6.119700846574891,-6.119704558575096,7.422435258855968e-06,-6.119700846574892,-6.1197007528729035,36.84136148790471,22.104816892742825,-1.1102230246251563e-16,1.65109435603955e-07,0.0,6.919624875857448e-07,5,0.1953078708339265,0.23374569520273827,/home/pzc/Documents/phd/programming_projects/selective_attention/sweep_blahut_arimoto_optimisation/results/artifacts/pagw_b2=0.195308_b3=0.233746.npy
-6.119700846574891,-6.1197008477727906,9.780811829293184e-10,-6.119700846574892,-6.119700845748469,36.14821430734476,14.597915159049894,-1.1102230246251564e-16,-4.440891512897681e-17,0.0,6.683797353464382e-10,5,0.1953078708339265,0.33017457036781467,/home/pzc/Documents/phd/programming_projects/selective_attention/sweep_blahut_arimoto_optimisation/results/artifacts/pagw_b2=0.195308_b3=0.330175.npy
-6.119700846574891,-6.344701077521833,0.44999988452660294,-6.119700846574892,-6.344699568201125,36.84136148790471,21.827558020518843,-1.1102230246251563e-16,-1.1102209209566315e-16,0.0,7.039229947059884e-07,5,0.1953078708339265,0.46638397692422573,/home/pzc/Documents/phd/programming_projects/selective_attention/sweep_blahut_arimoto_optimisation/results/artifacts/pagw_b2=0.195308_b3=0.466384.npy
-5.518827602582462,-6.899526197776406,0.6903492975969715,-5.249914031580043,-6.845743483575923,-1.4802973661668756e-16,29.33445975421178,3.738584101877127e-17,-8.134067376625826e-17,0.8013121599116706,0.1602624319823341,5,0.2248080208238096,2.979813019196647,/home/pzc/Documents/phd/programming_projects/selective_attention/sweep_blahut_arimoto_optimisation/results/artifacts/pagw_b2=0.224808_b3=2.979813.npy
-5.4362195398891195,-6.883004585237737,0.7233925226743086,-5.225873203940144,-6.840935318047943,-1.4802973661668756e-16,29.33445975421178,4.727849883883868e-17,-7.936214220224476e-17,0.88536829263887,0.17707365852777399,5,0.2248080208238096,4.209097765570948,/home/pzc/Documents/phd/programming_projects/selective_attention/sweep_blahut_arimoto_optimisation/results/artifacts/pagw_b2=0.224808_b3=4.209098.npy
-5.3726523597350715,-6.495881451838963,0.9171127133013814,-5.213376453401719,-6.432171089305624,-1.4802973661668756e-16,22.104816892742825,-1.5738759209800195e-16,-1.2956841831671015e-16,0.9469762745182672,0.3787905098073069,5,0.2248080208238096,5.945508622856709,/home/pzc/Documents/phd/programming_projects/selective_attention/sweep_blahut_arimoto_optimisation/results/artifacts/pagw_b2=0.224808_b3=5.945509.npy
-5.3468176303397295,-6.64012420332786,0.7797462554790339,-5.209669546426348,-6.612694586545183,-1.4802973661668756e-16,29.33445975421178,-1.1661743919800804e-16,-1.1214132980961413e-16,0.9709340784284155,0.1941868156856831,5,0.2248080208238096,7.079457843841379,/home/pzc/Documents/phd/programming_projects/selective_attention/sweep_blahut_arimoto_optimisation/results/artifacts/pagw_b2=0.224808_b3=7.079458.npy
-5.3250624146079,-6.860773160181493,0.7678553727867964,-5.207105045075401,-6.8371816862749935,-1.4802973661668756e-16,29.33445975421178,0.0,-8.88178419700125e-17,0.9906359683956095,0.1981271936791219,5,0.2248080208238096,8.398254151663428,/home/pzc/Documents/phd/programming_projects/selective_attention/sweep_blahut_arimoto_optimisation/results/artifacts/pagw_b2=0.224808_b3=8.398254.npy
-5.306007242898626,-6.3253294536133335,0.7935400418215826,-5.2052514248426816,-6.2367727008265526,-1.4802973661668756e-16,22.706035479734947,-1.3113433860692534e-16,0.007012232630447227,1.007558180559454,0.5736466006361802,5,0.2248080208238096,10.0,/home/pzc/Documents/phd/programming_projects/selective_attention/sweep_blahut_arimoto_optimisation/results/artifacts/pagw_b2=0.224808_b3=10.000000.npy
-6.119700848796828,-6.11970463585049,5.240011524256284e-06,-6.119700847035125,-6.119701225016404,0.6898786449346457,0.6321005227713515,4.021684099550961e-10,8.28150575301657e-07,2.6258247202678693e-11,3.238252025444578e-08,5,0.2682695795279726,0.1,/home/pzc/Documents/phd/programming_projects/selective_attention/sweep_blahut_arimoto_optimisation/results/artifacts/pagw_b2=0.268270_b3=0.100000.npy
-6.11970084901422,-6.119700849249211,1.6462481966186352e-10,-6.119700846330945,-6.119700846307443,-1.4802973661668756e-16,-1.4802973661668756e-16,0.0,-2.220446054230351e-17,7.198409684270653e-10,7.891872507529459e-10,5,0.2682695795279726,0.2682695795279726,/home/pzc/Documents/phd/programming_projects/selective_attention/sweep_blahut_arimoto_optimisation/results/artifacts/pagw_b2=0.268270_b3=0.268270.npy
-5.478607998153813,-6.272699439565796,0.8095001083667489,-5.478607998153813,-6.184633409954955,36.84136148790471,29.057200881987804,-5.551138389429915e-17,-1.4616159036712823e-17,0.0,0.08806602961083985,5,0.2682695795279726,1.0,/home/pzc/Documents/phd/programming_projects/selective_attention/sweep_blahut_arimoto_optimisation/results/artifacts/pagw_b2=0.268270_b3=1.000000.npy
-5.462976628437936,-6.532011159320109,0.8728630393589699,-5.232680078105865,-6.439892539187281,-1.4802973661668756e-16,21.966187456630838,9.61893217691427e-17,-2.81376527698523e-17,0.8584519748280205,0.3433807899312082,5,0.2682695795279726,3.72759372031494,/home/pzc/Documents/phd/programming_projects/selective_attention/sweep_blahut_arimoto_optimisation/results/artifacts/pagw_b2=0.268270_b3=3.727594.npy
-5.306007242898626,-6.076252257091705,0.6629702542031455,-5.2052514248426816,-6.011772700826553,-1.4802973661668756e-16,22.63672076167895,-2.6226867721385013e-16,0.004903684926188232,1.007558180559454,0.4620061112788939,5,0.2682695795279726,10.0,/home/pzc/Documents/phd/programming_projects/selective_attention/sweep_blahut_arimoto_optimisation/results/artifacts/pagw_b2=0.268270_b3=10.000000.npy
-6.119700851297978,-6.119700852335237,1.541642212906609e-09,-6.119700846364553,-6.11970084755494,1.0801394645943971,0.5713838572121701,1.2101198744341701e-09,8.607129122399084e-10,9.052067541890677e-11,2.7476381463071336e-10,5,0.2758797003132526,0.16547927953671815,/home/pzc/Documents/phd/programming_projects/selective_attention/sweep_blahut_arimoto_optimisation/results/artifacts/pagw_b2=0.275880_b3=0.165479.npy
-6.119700846713946,-6.119700849331143,1.3323620160504448e-09,-6.119700846566393,-6.119700846613018,0.6931471805599433,0.4933298081799918,3.020372280038332e-11,3.587156057338406e-10,8.89916667154633e-12,3.3141943619175245e-10,5,0.2758797003132526,0.23374569520273827,/home/pzc/Documents/phd/programming_projects/selective_attention/sweep_blahut_arimoto_optimisation/results/artifacts/pagw_b2=0.275880_b3=0.233746.npy
-6.119700846574892,-6.27955826046288,0.31971482577947835,-6.119700846574892,-6.100840025561292,36.148214307344766,14.59791515904989,-1.1102230246251564e-16,0.010150194069107912,0.0,0.04686039996018912,5,0.2758797003132526,0.33017457036781467,/home/pzc/Documents/phd/programming_projects/selective_attention/sweep_blahut_arimoto_optimisation/results/artifacts/pagw_b2=0.275880_b3=0.330175.npy
-6.119700846574892,-8.16544319606513,4.091484121613131,-6.119700846574892,-5.9760543190055255,36.148214307344766,14.598405216231692,-1.1102230246251564e-16,0.12292247123911508,0.0,0.8132912907260279,5,0.2758797003132526,0.46638397692422573,/home/pzc/Documents/phd/programming_projects/selective_attention/sweep_blahut_arimoto_optimisation/results/artifacts/pagw_b2=0.275880_b3=0.466384.npy
-5.3819236569049345,-6.8721454086408995,0.7451108758679826,-5.381923656904935,-6.8721454086408995,36.84136148790471,36.84136148790471,-1.665334536937769e-16,-1.221245327087679e-16,0.0,0.0,5,0.31754976974596505,2.979813019196647,/home/pzc/Documents/phd/programming_projects/selective_attention/sweep_blahut_arimoto_optimisation/results/artifacts/pagw_b2=0.317550_b3=2.979813.npy
-5.375763145520719,-6.135429504816068,0.9059852481401759,-5.375763145520719,-6.093360237626273,36.84136148790471,29.19583031809979,5.5511151231257334e-17,-9.549807124019949e-18,0.0,0.17707365852777396,5,0.31754976974596505,4.209097765570948,/home/pzc/Documents/phd/programming_projects/selective_attention/sweep_blahut_arimoto_optimisation/results/artifacts/pagw_b2=0.317550_b3=4.209098.npy
-5.372652359735072,-5.747066700316931,0.7488170731829648,-5.213376453401719,-5.651501156516919,-1.4802973661668756e-16,14.736544595161885,0.0,-4.440892098500471e-17,0.946976274518267,0.5681857647109603,5,0.31754976974596505,5.945508622856709,/home/pzc/Documents/phd/programming_projects/selective_attention/sweep_blahut_arimoto_optimisation/results/artifacts/pagw_b2=0.317550_b3=5.945509.npy
-5.34681763033973,-6.265536305613518,0.8463654103208467,-5.209669546426348,-6.238106688830841,-1.4802973661668756e-16,29.33445975421178,9.196475254758961e-17,-2.6015970475488037e-17,0.9709340784284152,0.19418681568568302,5,0.31754976974596505,7.079457843841379,/home/pzc/Documents/phd/programming_projects/selective_attention/sweep_blahut_arimoto_optimisation/results/artifacts/pagw_b2=0.317550_b3=7.079458.npy
-5.3250624146079,-7.7999553772748245,2.1997752004593236,-5.207105045075401,-6.462575099207649,-1.4802973661668756e-16,29.286383816788145,-7.835647287462176e-17,0.13858862117345638,0.9906359683956095,7.566399491259976,5,0.31754976974596505,8.398254151663428,/home/pzc/Documents/phd/programming_projects/selective_attention/sweep_blahut_arimoto_optimisation/results/artifacts/pagw_b2=0.317550_b3=8.398254.npy
-5.306007242898626,-5.869417210474602,0.7533468613548266,-5.2052514248426816,-5.829114883252224,-1.4802973661668756e-16,21.827558020518847,-2.6226867721385013e-16,-1.4931639187054633e-16,1.0075581805594538,0.40302327222378154,5,0.31754976974596505,10.0,/home/pzc/Documents/phd/programming_projects/selective_attention/sweep_blahut_arimoto_optimisation/results/artifacts/pagw_b2=0.317550_b3=10.000000.npy
-6.119700879964386,-6.119734363141236,4.1003782271425805e-05,-6.119700870221467,-6.119692431213581,-1.4802973661668756e-16,0.5545177444479534,0.0,1.388212275403542e-05,9.74291874661606e-10,4.6904153151051885e-07,5,0.372759372031494,0.1,/home/pzc/Documents/phd/programming_projects/selective_attention/sweep_blahut_arimoto_optimisation/results/artifacts/pagw_b2=0.372759_b3=0.100000.npy
-6.119700846619811,-6.119700847761735,5.948786596744718e-10,-6.119700846514384,-6.119700844975958,-1.4802973661668756e-16,-1.4802973661668756e-16,-2.2204460472291661e-16,-8.881784686124341e-17,3.929907010304894e-11,1.038424984471965e-09,5,0.372759372031494,0.372759372031494,/home/pzc/Documents/phd/programming_projects/selective_attention/sweep_blahut_arimoto_optimisation/results/artifacts/pagw_b2=0.372759_b3=0.372759.npy
-5.47860799815023,-13.371905544622274,15.35058866919076,-5.47860799815023,-5.455710076523993,36.84136148790471,14.73666705108532,0.0,0.13858862117345644,0.0,7.544404356802632,5,0.372759372031494,1.0,/home/pzc/Documents/phd/programming_projects/selective_attention/sweep_blahut_arimoto_optimisation/results/artifacts/pagw_b2=0.372759_b3=1.000000.npy
-5.3848108310073695,-6.161414841005462,0.8865055106479413,-5.3848108310073695,-6.103904218926017,36.148214307344766,29.195830318099787,1.1102230246251568e-16,-9.6757833502856e-17,0.0,0.15428350403645058,5,0.372759372031494,2.682695795279726,/home/pzc/Documents/phd/programming_projects/selective_attention/sweep_blahut_arimoto_optimisation/results/artifacts/pagw_b2=0.372759_b3=2.682696.npy
-5.705999699515807,-6.486960617163075,0.6368673242702245,-5.370274767603358,-6.419815630780585,3.513991709410643,30.03725809609391,0.04191453738277863,0.008382907476555637,2.232809787145739,0.4465619574291478,5,0.372759372031494,10.0,/home/pzc/Documents/phd/programming_projects/selective_attention/sweep_blahut_arimoto_optimisation/results/artifacts/pagw_b2=0.372759_b3=10.000000.npy
-6.119700847192079,-6.1197031570047935,3.338094189496144e-06,-6.11970084616218,-6.119698769737483,0.609142859504616,0.8311369217763532,3.4362672596474465e-10,1.5605615163377841e-06,2.4508211575542195e-11,6.33204524025092e-08,5,0.3896904344917432,0.16547927953671815,/home/pzc/Documents/phd/programming_projects/selective_attention/sweep_blahut_arimoto_optimisation/results/artifacts/pagw_b2=0.389690_b3=0.165479.npy
-6.119700846591828,-6.119700899886455,8.838155982160254e-08,-6.119700846561791,-6.11970079055263,0.6765259604934963,0.6970950086228473,9.362081842214067e-12,3.795600627756434e-08,1.4053461824881002e-12,2.789385504186379e-09,5,0.3896904344917432,0.23374569520273827,/home/pzc/Documents/phd/programming_projects/selective_attention/sweep_blahut_arimoto_optimisation/results/artifacts/pagw_b2=0.389690_b3=0.233746.npy
-6.119700846653875,-6.1197008478999395,1.0206874810552623e-09,-6.119700846485771,-6.119700845256183,0.6913095073117412,0.5537826751486731,4.8927614668883374e-11,5.725950862334016e-10,1.4048563077397859e-11,3.8775596202314813e-10,5,0.3896904344917432,0.33017457036781467,/home/pzc/Documents/phd/programming_projects/selective_attention/sweep_blahut_arimoto_optimisation/results/artifacts/pagw_b2=0.389690_b3=0.330175.npy
-6.119700879964386,-6.120046018471252,0.0006840044822361507,-6.119700870221467,-6.119223311157759,-1.4802973661668756e-16,0.5682847880627563,0.0,0.0003881969059557358,9.742918746616233e-10,7.321642880510027e-06,5,0.517947467923121,0.1,/home/pzc/Documents/phd/programming_projects/selective_attention/sweep_blahut_arimoto_optimisation/results/artifacts/pagw_b2=0.517947_b3=0.100000.npy
-6.119701594542402,-6.119885652078978,0.0001140954822721278,-6.119682723838383,-6.117320187268868,-1.4802973661668756e-16,0.18860639261200202,-2.2206057937882025e-16,1.8667070330112844e-05,9.774033364408355e-06,0.0013101089321121292,5,0.517947467923121,0.517947467923121,/home/pzc/Documents/phd/programming_projects/selective_attention/sweep_blahut_arimoto_optimisation/results/artifacts/pagw_b2=0.517947_b3=0.517947.npy
-5.478607998150231,-17.60282747793556,14.84907562959941,-5.478607998150231,-5.435121660323984,36.84136148790471,22.382239041382697,-5.5511151231257254e-17,0.2771772423440925,0.0,11.632560345319714,5,0.517947467923121,1.0,/home/pzc/Documents/phd/programming_projects/selective_attention/sweep_blahut_arimoto_optimisation/results/artifacts/pagw_b2=0.517947_b3=1.000000.npy
-5.398992073325349,-5.737944999810301,0.3251404575752415,-5.398992073325349,-5.668631001666074,36.14821430734476,28.918571445875806,-1.110223024625165e-16,-1.0048848547755744e-16,0.0,0.1338243787968759,5,0.517947467923121,1.9306977288832505,/home/pzc/Documents/phd/programming_projects/selective_attention/sweep_blahut_arimoto_optimisation/results/artifacts/pagw_b2=0.517947_b3=1.930698.npy
-5.370669873425968,-6.120282262685538,0.9180839292772521,-5.370669873425968,-6.120282262685538,36.14821430734476,36.42547317956875,-1.110223024625158e-16,-8.881784197001258e-17,0.0,0.0,5,0.517947467923121,10.0,/home/pzc/Documents/phd/programming_projects/selective_attention/sweep_blahut_arimoto_optimisation/results/artifacts/pagw_b2=0.517947_b3=10.000000.npy
-6.096848598771477,-6.12062496305561,0.013380733401549355,-5.8273147051722525,-6.017383733299839,1.096575434257714,0.6302236546084258,0.1895376165951208,0.0707850388385441,0.0006172229326081253,0.0004885737220586241,5,0.7196856730011519,0.1,/home/pzc/Documents/phd/programming_projects/selective_attention/sweep_blahut_arimoto_optimisation/results/artifacts/pagw_b2=0.719686_b3=0.100000.npy
-6.0487929123531305,-6.0551554915089625,0.004350653210168508,-5.684295078349875,-5.684295137365893,0.4747116046116146,0.29433581854522267,8.590884639188422e-05,0.000717550832855926,0.26223796012570355,0.26618533272804357,5,0.7196856730011519,0.7196856730011519,/home/pzc/Documents/phd/programming_projects/selective_attention/sweep_blahut_arimoto_optimisation/results/artifacts/pagw_b2=0.719686_b3=0.719686.npy
-5.47860799815023,-7.853376478940014,1.938990345059789,-5.47860799815023,-5.432748963466826,36.84136148790471,15.152432903497854,-5.5511151231257815e-17,0.3331318571381085,0.0,1.9577423009476305,5,0.7196856730011519,1.0,/home/pzc/Documents/phd/programming_projects/selective_attention/sweep_blahut_arimoto_optimisation/results/artifacts/pagw_b2=0.719686_b3=1.000000.npy
-5.426349033426015,-15.402900037253659,12.076711482350364,-5.426349033426015,-5.393101490988328,36.84136148790471,15.014048379232738,-1.1102230246251605e-16,0.27717724234685964,0.0,13.373424507321255,5,0.7196856730011519,1.3894954943731377,/home/pzc/Documents/phd/programming_projects/selective_attention/sweep_blahut_arimoto_optimisation/results/artifacts/pagw_b2=0.719686_b3=1.389495.npy
-5.306007242898627,-5.494611015844818,0.3138798739611724,-5.2052514248426816,-5.45430868862244,-1.4802973661668756e-16,22.104816892742825,-1.3113433860692487e-16,-1.412715774127825e-16,1.0075581805594531,0.40302327222378126,5,0.7196856730011519,10.0,/home/pzc/Documents/phd/programming_projects/selective_attention/sweep_blahut_arimoto_optimisation/results/artifacts/pagw_b2=0.719686_b3=10.000000.npy
-6.003696644789436,-6.060462023602635,0.0421069487442035,-5.722543455913483,-5.798077134896899,1.0985357629361674,0.6235572020645506,0.2750633425513881,0.25568345655996,0.0006089846324564279,0.0006701432145776218,5,1.0,0.1,/home/pzc/Documents/phd/programming_projects/selective_attention/sweep_blahut_arimoto_optimisation/results/artifacts/pagw_b2=1.000000_b3=0.100000.npy
-5.968746716252599,-6.012808421853211,0.05906866545930508,-5.527269520643526,-5.656728227234844,1.0927102770529378,0.7950160729026262,0.4328784598915159,0.34749277124291844,0.001194790453685129,0.0011932186088461105,5,1.0,0.13894954943731375,/home/pzc/Documents/phd/programming_projects/selective_attention/sweep_blahut_arimoto_optimisation/results/artifacts/pagw_b2=1.000000_b3=0.138950.npy
-5.965410430524049,-6.021309077613557,0.05660178770429453,-5.522701631385954,-5.645536594073322,1.0927102770529378,0.7143429830451508,0.4307207264153391,0.3615925883815214,0.0023145344779511114,0.002737709137873144,5,1.0,0.193069772888325,/home/pzc/Documents/phd/programming_projects/selective_attention/sweep_blahut_arimoto_optimisation/results/artifacts/pagw_b2=1.000000_b3=0.193070.npy
-5.960739962287406,-6.015812546134289,0.058100483099485435,-5.518024580072456,-5.644659477020655,1.0927102770529378,0.7143429830451515,0.4259715377963841,0.35044846636021076,0.004491864101850505,0.0055544150749549295,5,1.0,0.2682695795279726,/home/pzc/Documents/phd/programming_projects/selective_attention/sweep_blahut_arimoto_optimisation/results/artifacts/pagw_b2=1.000000_b3=0.268270.npy
-5.954203907417107,-6.030531069049973,0.07511844174705017,-5.511916772022887,-5.760654266551581,1.0927102770529378,0.5757135469331629,0.41893890996374716,0.249897078099745,0.008703269849513057,0.007447629520201671,5,1.0,0.372759372031494,/home/pzc/Documents/phd/programming_projects/selective_attention/sweep_blahut_arimoto_optimisation/results/artifacts/pagw_b2=1.000000_b3=0.372759.npy
-5.945118363635983,-6.022704729416249,0.08053618567955455,-5.503256138704008,-5.7548528874311256,1.0927102770529378,0.5757135469331629,0.4095314674981744,0.23836456325375285,0.01674563394887355,0.015272861354857,5,1.0,0.517947467923121,/home/pzc/Documents/phd/programming_projects/selective_attention/sweep_blahut_arimoto_optimisation/results/artifacts/pagw_b2=1.000000_b3=0.517947.npy
-5.932630761183735,-5.941229998075238,0.01053187096134135,-5.491273990431253,-5.4992971347776445,1.0927102770529378,0.9328850384557382,0.3972981745061336,0.37426010578096147,0.03170834049103935,0.04870311403720188,5,1.0,0.7196856730011519,/home/pzc/Documents/phd/programming_projects/selective_attention/sweep_blahut_arimoto_optimisation/results/artifacts/pagw_b2=1.000000_b3=0.719686.npy
-5.915859957412273,-5.917728799654614,0.0022705673081719144,-5.475529809358074,-5.475529808555465,-1.4802973661668756e-16,0.2621255962429892,7.567044095577108e-17,0.0014571663037017664,0.4403301480541993,0.4407418247954479,5,1.0,1.0,/home/pzc/Documents/phd/programming_projects/selective_attention/sweep_blahut_arimoto_optimisation/results/artifacts/pagw_b2=1.000000_b3=1.000000.npy
-5.426349033426015,-6.231853278945637,1.2711319128235774,-5.426349033426015,-5.396146297818419,36.84136148790471,14.73654459516188,-2.2204460492503123e-16,0.12020451008251873,0.0,0.9941874597294568,5,1.0,1.3894954943731375,/home/pzc/Documents/phd/programming_projects/selective_attention/sweep_blahut_arimoto_optimisation/results/artifacts/pagw_b2=1.000000_b3=1.389495.npy
-5.398992073325349,-5.398992073325351,2.9724135207732003e-15,-5.398992073325349,-5.398992073325351,36.14821430734476,36.56410261568074,1.1102230246251578e-16,4.440892098500634e-17,0.0,0.0,5,1.0,1.9306977288832496,/home/pzc/Documents/phd/programming_projects/selective_attention/sweep_blahut_arimoto_optimisation/results/artifacts/pagw_b2=1.000000_b3=1.930698.npy
-5.384810831007371,-8.446598570318884,5.680939994972653,-5.384810831007371,-5.503865957524121,36.84136148790471,22.104816892742825,-2.2204460492503126e-16,0.1386294361119882,0.0,7.522555801617399,5,1.0,2.6826957952797246,/home/pzc/Documents/phd/programming_projects/selective_attention/sweep_blahut_arimoto_optimisation/results/artifacts/pagw_b2=1.000000_b3=2.682696.npy
-5.377465545107972,-5.785117038733342,0.7307931664313526,-5.377465545107972,-5.6929984186005145,36.84136148790471,21.827558020518847,-1.1102230246251564e-16,-1.703542252360074e-17,0.0,0.34338078993120813,5,1.0,3.72759372031494,/home/pzc/Documents/phd/programming_projects/selective_attention/sweep_blahut_arimoto_optimisation/results/artifacts/pagw_b2=1.000000_b3=3.727594.npy
-5.373661072499336,-5.752323543578344,0.7462385099997223,-5.373661072499336,-5.7166116753798955,36.148214307344766,29.19583031809979,0.0,-2.5709156472370473e-17,0.0,0.18496871708190987,5,1.0,5.17947467923121,/home/pzc/Documents/phd/programming_projects/selective_attention/sweep_blahut_arimoto_optimisation/results/artifacts/pagw_b2=1.000000_b3=5.179475.npy
-5.344578039930967,-6.0400742269007015,0.6919910070377254,-5.209382657952404,-6.013035150504988,-1.4802973661668756e-16,29.33445975421178,-6.507117899007305e-17,-1.018320777680271e-16,0.9729817946589003,0.19459635893178007,5,1.0,7.196856730011517,/home/pzc/Documents/phd/programming_projects/selective_attention/sweep_blahut_arimoto_optimisation/results/artifacts/pagw_b2=1.000000_b3=7.196857.npy
-5.306007242898627,-6.490766861062691,0.9240048609190514,-5.2052514248426816,-6.461772700826553,-1.4802973661668756e-16,23.02384086276975,-5.2895620796140545e-17,0.0014002973344644505,1.0075581805594533,0.27593862901674865,5,1.0,10.0,/home/pzc/Documents/phd/programming_projects/selective_attention/sweep_blahut_arimoto_optimisation/results/artifacts/pagw_b2=1.000000_b3=10.000000.npy
-5.822752710838278,-6.001826013517038,0.14437372012873464,-5.4069058382583615,-5.835157680105333,1.0699538288534234,0.42775490033598357,0.5727529889028332,0.2295968618672064,0.0003644752297960507,0.00014307613598538662,5,1.3894954943731375,0.1,/home/pzc/Documents/phd/programming_projects/selective_attention/sweep_blahut_arimoto_optimisation/results/artifacts/pagw_b2=1.389495_b3=0.100000.npy
-5.803282148507639,-5.824055386936282,0.016916282862951732,-5.393121508875911,-5.409026499890169,1.0789697299166239,0.8490611637168826,0.5286444449188864,0.5099373489292309,0.02137668429458201,0.03456958521137647,5,1.3894954943731375,0.7196856730011522,/home/pzc/Documents/phd/programming_projects/selective_attention/sweep_blahut_arimoto_optimisation/results/artifacts/pagw_b2=1.389495_b3=0.719686.npy
-5.791684065011897,-5.828791269654993,0.044249182943542416,-5.384124051194011,-5.413788703439626,1.0789697299166239,0.631682254319289,0.5089401974760746,0.36316127176152957,0.04128304527997853,0.1536406019397162,5,1.3894954943731375,1.0,/home/pzc/Documents/phd/programming_projects/selective_attention/sweep_blahut_arimoto_optimisation/results/artifacts/pagw_b2=1.389495_b3=1.000000.npy
-5.775873111746081,-5.775873111746089,4.1469467965984395e-15,-5.372259852680017,-5.37225985282362,-1.4802973661668756e-16,-1.4802973661668756e-16,9.452885070257226e-17,-1.5872991379951047e-16,0.5608188049415538,0.5608188047420282,5,1.3894954943731375,1.3894954943731375,/home/pzc/Documents/phd/programming_projects/selective_attention/sweep_blahut_arimoto_optimisation/results/artifacts/pagw_b2=1.389495_b3=1.389495.npy
-5.306007242898627,-6.094417210474601,0.9394994038094431,-5.2052514248426816,-6.054114883252224,-1.4802973661668756e-16,21.966187456630838,-2.0937305641770925e-16,-1.503626040445931e-16,1.0075581805594533,0.4030232722237813,5,1.3894954943731375,10.0,/home/pzc/Documents/phd/programming_projects/selective_attention/sweep_blahut_arimoto_optimisation/results/artifacts/pagw_b2=1.389495_b3=10.000000.npy
-5.761166322955729,-5.910587429534727,0.1710923070172085,-5.3729628918223025,-5.6733914494607856,1.0688206728264942,0.5661577052425855,0.6319276194630359,0.3867715965019457,0.000275737099961561,0.00012835378071925535,5,1.6394709528063605,0.1,/home/pzc/Documents/phd/programming_projects/selective_attention/sweep_blahut_arimoto_optimisation/results/artifacts/pagw_b2=1.639471_b3=0.100000.npy
-5.760386728922128,-5.910115302257516,0.17147648298293372,-5.372481628842176,-5.673065191262351,1.0688206728264942,0.5661577052425859,0.6301076877236635,0.38594186551044607,0.0004573011329047132,0.00021061141421138907,5,1.6394709528063605,0.12812740714067322,/home/pzc/Documents/phd/programming_projects/selective_attention/sweep_blahut_arimoto_optimisation/results/artifacts/pagw_b2=1.639471_b3=0.128127.npy
-5.758899999343204,-5.843403443967193,0.13883625965415666,-5.371514436952015,-5.525300469329428,1.0688206728264942,0.7047871413545733,0.6266821491820986,0.517027656976686,0.0009300792771542287,0.0004959843325396862,5,1.6394709528063605,0.18098477308136654,/home/pzc/Documents/phd/programming_projects/selective_attention/sweep_blahut_arimoto_optimisation/results/artifacts/pagw_b2=1.639471_b3=0.180985.npy
-5.700198863254202,-5.87366278256741,0.20114802469764523,-5.337216889855561,-5.656876251567978,1.0688206728264942,0.5681875166606114,0.6966632610088169,0.4167135499448956,0.00021470013640593712,9.508029562194662e-05,5,1.9306977288832496,0.1,/home/pzc/Documents/phd/programming_projects/selective_attention/sweep_blahut_arimoto_optimisation/results/artifacts/pagw_b2=1.930698_b3=0.100000.npy
-5.690271686153366,-5.711465863132892,0.017215429336615837,-5.329989351023766,-5.360294327973542,1.0789697299166239,0.845446388884587,0.6699021179609046,0.6620519618535556,0.0068929637075353265,0.004280006010337928,5,1.9306977288832496,0.5179474679231213,/home/pzc/Documents/phd/programming_projects/selective_attention/sweep_blahut_arimoto_optimisation/results/artifacts/pagw_b2=1.930698_b3=0.517947.npy
-5.677382844953072,-5.698670064264277,0.01737103770170855,-5.321579189157046,-5.351480254750509,1.0831342125608765,0.8483090968314645,0.6337172125196848,0.5848842577163618,0.027571430192155605,0.04425048920148361,5,1.9306977288832496,1.0,/home/pzc/Documents/phd/programming_projects/selective_attention/sweep_blahut_arimoto_optimisation/results/artifacts/pagw_b2=1.930698_b3=1.000000.npy
-5.652339159251015,-5.652339159251018,3.618714001778642e-15,-5.305769168563154,-5.305769168556044,-1.4802973661668756e-16,-1.4802973661668756e-16,-1.0533817043997605e-16,-2.091644413892301e-17,0.6691218939201411,0.6691218939338747,5,1.9306977288832496,1.9306977288832496,/home/pzc/Documents/phd/programming_projects/selective_attention/sweep_blahut_arimoto_optimisation/results/artifacts/pagw_b2=1.930698_b3=1.930698.npy
-5.370669873425972,-6.755094546994366,1.6107023442797948,-5.370669873425972,-5.956088610360932,36.84136148790471,29.392726610585935,-1.1102230246251564e-16,0.12004828814911724,0.0,7.368272297580923,5,1.9306977288832496,10.0,/home/pzc/Documents/phd/programming_projects/selective_attention/sweep_blahut_arimoto_optimisation/results/artifacts/pagw_b2=1.930698_b3=10.000000.npy
-5.636434697748853,-5.746042120680352,0.1873896871109259,-5.295215493745559,-5.4902445842178516,1.0789697299166239,0.7088467641906252,0.7865273630368042,0.5908285818385808,0.00015860253784794263,6.697447255979678e-05,5,2.315814274157424,0.1,/home/pzc/Documents/phd/programming_projects/selective_attention/sweep_blahut_arimoto_optimisation/results/artifacts/pagw_b2=2.315814_b3=0.100000.npy
-5.635990893079714,-5.745813793131278,0.18751469295843856,-5.295101942559284,-5.490217603171558,1.0789697299166239,0.7088467641906256,0.784667103199662,0.5899103712601022,0.00026382167474291315,0.0001108166255629789,5,2.315814274157424,0.12812740714067322,/home/pzc/Documents/phd/programming_projects/selective_attention/sweep_blahut_arimoto_optimisation/results/artifacts/pagw_b2=2.315814_b3=0.128127.npy
-5.63513207231826,-5.745488925054518,0.1877007327000254,-5.295206317344296,-5.489703825330565,1.0789697299166239,0.7104317276048945,0.7803101768755834,0.5893685675183011,0.0005388353994456575,0.0002330653069358342,5,2.315814274157424,0.18098477308136654,/home/pzc/Documents/phd/programming_projects/selective_attention/sweep_blahut_arimoto_optimisation/results/artifacts/pagw_b2=2.315814_b3=0.180985.npy
-5.633884325665471,-5.835176290654871,0.23265601840372646,-5.29530899566599,-5.639622050890769,1.0789697299166239,0.5718022914929058,0.77403051336919,0.4486044088056433,0.0011091178221370455,0.00047058983336619435,5,2.315814274157424,0.2556477869824599,/home/pzc/Documents/phd/programming_projects/selective_attention/sweep_blahut_arimoto_optimisation/results/artifacts/pagw_b2=2.315814_b3=0.255648.npy
-5.587950880380426,-5.710288446732569,0.20548509317127794,-5.267703195722422,-5.478962039027893,1.0789697299166239,0.7088467641906252,0.8561745982516011,0.6193670793111405,0.00011005790644197653,4.515241636757266e-05,5,2.6826957952797246,0.1,/home/pzc/Documents/phd/programming_projects/selective_attention/sweep_blahut_arimoto_optimisation/results/artifacts/pagw_b2=2.682696_b3=0.100000.npy
-5.58437842892693,-5.610396591699648,0.02124374094508701,-5.26570843251124,-5.328499765855771,1.086894546987966,0.8506461271311496,0.8419132714300522,0.750594371855381,0.0018037580186900273,0.000784933999746267,5,2.6826957952797246,0.3727593720314942,/home/pzc/Documents/phd/programming_projects/selective_attention/sweep_blahut_arimoto_optimisation/results/artifacts/pagw_b2=2.682696_b3=0.372759.npy
-5.575272391879424,-5.663597642377864,0.12813863472672235,-5.267155175474714,-5.348991381289544,1.086894546987964,0.7120166910191613,0.7842918260154295,0.5726311590108213,0.015765087849765,0.1011526298497801,5,2.6826957952797246,1.0,/home/pzc/Documents/phd/programming_projects/selective_attention/sweep_blahut_arimoto_optimisation/results/artifacts/pagw_b2=2.682696_b3=1.000000.npy
-5.54805084986279,-5.548263331497499,0.00033357929431187286,-5.260497739489933,-5.260497739480186,-1.4802973661668756e-16,0.074972707112225,-8.063152800050612e-17,0.00018701187946061138,0.7714175201168681,0.7718005318515639,5,2.6826957952797246,2.6826957952797246,/home/pzc/Documents/phd/programming_projects/selective_attention/sweep_blahut_arimoto_optimisation/results/artifacts/pagw_b2=2.682696_b3=2.682696.npy
-5.2068899097737775,-6.10031941302076,1.60670513760538,-5.2068899097737775,-5.271514434490102,36.84136148790471,14.736544595161883,-8.103898108428226e-17,0.13862943611198816,0.0,7.771295569804721,5,2.6826957952797246,10.0,/home/pzc/Documents/phd/programming_projects/selective_attention/sweep_blahut_arimoto_optimisation/results/artifacts/pagw_b2=2.682696_b3=10.000000.npy
-5.526731612721112,-5.882519259905552,0.2904869729148306,-5.232628053913077,-5.765422561117721,1.0927102770529378,0.43592096480818077,0.9600496895771455,0.38224616541954914,6.158045783810249e-05,2.4382141094064497e-05,5,3.2711746086206537,0.1,/home/pzc/Documents/phd/programming_projects/selective_attention/sweep_blahut_arimoto_optimisation/results/artifacts/pagw_b2=3.271175_b3=0.100000.npy
-5.526555685561908,-5.8824500901126955,0.29057165546309094,-5.232930080359058,-5.765525678359904,1.0927102770529378,0.43592096480818077,0.9578665751178908,0.3814382510196192,0.0001031720764081885,4.0810409178372965e-05,5,3.2711746086206537,0.12812740714067322,/home/pzc/Documents/phd/programming_projects/selective_attention/sweep_blahut_arimoto_optimisation/results/artifacts/pagw_b2=3.271175_b3=0.128127.npy
-5.526217126236519,-5.666995749918,0.2276927792333086,-5.233444589613811,-5.465667632641332,1.0927102770529378,0.7131798370321565,0.9538528120651608,0.657043952213255,0.00021341208449775516,8.495334856553178e-05,5,3.2711746086206537,0.18098477308136654,/home/pzc/Documents/phd/programming_projects/selective_attention/sweep_blahut_arimoto_optimisation/results/artifacts/pagw_b2=3.271175_b3=0.180985.npy
-5.525718489537543,-5.7744468167439225,0.2826308910750636,-5.2341465979326625,-5.61545739794804,1.0927102770529378,0.5757135469331633,0.9480608077474333,0.5177821242737668,0.000447165200534559,0.00017975085627394062,5,3.2711746086206537,0.2556477869824599,/home/pzc/Documents/phd/programming_projects/selective_attention/sweep_blahut_arimoto_optimisation/results/artifacts/pagw_b2=3.271175_b3=0.255648.npy
-5.524972485833556,-5.774160768465885,0.2828823319901756,-5.235100533456686,-5.6163540748211975,1.0927102770529378,0.5745504009201686,0.9395927638623321,0.5127677110898028,0.0009525748421484869,0.00038036047776770886,5,3.2711746086206537,0.3611120973124448,/home/pzc/Documents/phd/programming_projects/selective_attention/sweep_blahut_arimoto_optimisation/results/artifacts/pagw_b2=3.271175_b3=0.361112.npy
-5.489941294851872,-5.75495308595526,0.29877517698975187,-5.22038237301619,-5.6099121065268,1.0927102770529378,0.5757135469331633,1.003412625901063,0.540096068490343,3.7383859214443705e-05,1.4963422984563075e-05,5,3.72759372031494,0.1,/home/pzc/Documents/phd/programming_projects/selective_attention/sweep_blahut_arimoto_optimisation/results/artifacts/pagw_b2=3.727594_b3=0.100000.npy
-5.48928550142484,-5.5289887854355495,0.03241759524306633,-5.221415407470835,-5.310284541984048,1.0927102770529378,0.8529724191571395,0.9943050375586167,0.8135477428242623,0.00030268846077865797,0.00012182995041281456,5,3.72759372031494,0.2682695795279726,/home/pzc/Documents/phd/programming_projects/selective_attention/sweep_blahut_arimoto_optimisation/results/artifacts/pagw_b2=3.727594_b3=0.268270.npy
-5.485335954035663,-5.5994324783518845,0.16127928607373876,-5.226609562342401,-5.333766920145386,1.0927102770529378,0.7143429830451508,0.9399772220347058,0.6513975989668884,0.0065590975721398805,0.09091539822612019,5,3.72759372031494,1.0,/home/pzc/Documents/phd/programming_projects/selective_attention/sweep_blahut_arimoto_optimisation/results/artifacts/pagw_b2=3.727594_b3=1.000000.npy
-5.462976628437936,-5.4629766284379375,4.203627514058621e-15,-5.232680078105865,-5.232680078110621,-1.4802973661668756e-16,-1.4802973661668756e-16,9.61893217691427e-17,5.4387425000936066e-17,0.8584519748280203,0.8584519748103,5,3.72759372031494,3.72759372031494,/home/pzc/Documents/phd/programming_projects/selective_attention/sweep_blahut_arimoto_optimisation/results/artifacts/pagw_b2=3.727594_b3=3.727594.npy
-5.306007242898627,-6.827561875675104,1.8108733543022648,-5.2052514248426816,-5.269843201074722,-1.4802973661668756e-16,14.859185958831754,-2.0937305641770925e-16,0.23824188932721121,1.0075581805594533,14.938056231246216,5,3.72759372031494,10.0,/home/pzc/Documents/phd/programming_projects/selective_attention/sweep_blahut_arimoto_optimisation/results/artifacts/pagw_b2=3.727594_b3=10.000000.npy
-5.4364446990417505,-5.589712577301278,0.26694021299066567,-5.208360866168549,-5.42280613536701,1.0927102770529378,0.7942556023437505,1.0530741376491703,0.7707298530545419,2.282145517379974e-05,1.351961846176069e-05,5,4.620656949693317,0.12812740714067322,/home/pzc/Documents/phd/programming_projects/selective_attention/sweep_blahut_arimoto_optimisation/results/artifacts/pagw_b2=4.620657_b3=0.128127.npy
-5.436374312867103,-5.48626178622202,0.04073286104035647,-5.208457957557032,-5.305088218978395,1.0927102770529378,0.8529724191571398,1.05192082695977,0.8366598554402845,4.709886584196007e-05,1.8841954569203936e-05,5,4.620656949693317,0.18098477308136654,/home/pzc/Documents/phd/programming_projects/selective_attention/sweep_blahut_arimoto_optimisation/results/artifacts/pagw_b2=4.620657_b3=0.180985.npy
-5.436263068056294,-5.6062533875265474,0.2594097459218216,-5.208786306877075,-5.455258938046016,1.0927102770529378,0.7143429830451516,1.0492636275394052,0.6969617315371562,0.00010116292442547149,4.048956137266318e-05,5,4.620656949693317,0.2556477869824599,/home/pzc/Documents/phd/programming_projects/selective_attention/sweep_blahut_arimoto_optimisation/results/artifacts/pagw_b2=4.620657_b3=0.255648.npy
-5.436091185561919,-5.4861483580492685,0.04087151001650154,-5.209267881036323,-5.305414483999044,1.0927102770529378,0.8529724191571393,1.0452135081652234,0.8339631804847807,0.00022344895420707545,8.95657853282966e-05,5,4.620656949693317,0.3611120973124448,/home/pzc/Documents/phd/programming_projects/selective_attention/sweep_blahut_arimoto_optimisation/results/artifacts/pagw_b2=4.620657_b3=0.361112.npy
-5.435817452333726,-5.726137133140942,0.32284643620433723,-5.209968238057211,-5.605331856361489,1.0927102770529378,0.5757135469331633,1.0389414954389626,0.5541945411457432,0.0005111429614426579,0.00044214282304690187,5,4.620656949693317,0.5100843952712939,/home/pzc/Documents/phd/programming_projects/selective_attention/sweep_blahut_arimoto_optimisation/results/artifacts/pagw_b2=4.620657_b3=0.510084.npy
-5.420045611495143,-5.717672318499014,0.32985334724359955,-5.206354358554203,-5.60432400660928,1.0927102770529378,0.5757135469331629,1.0615528448838842,0.5632504184488071,6.657900635486986e-05,2.66350248050561e-05,5,4.973819218137462,0.25301647191252996,/home/pzc/Documents/phd/programming_projects/selective_attention/sweep_blahut_arimoto_optimisation/results/artifacts/pagw_b2=4.973819_b3=0.253016.npy
-5.419930867740205,-5.455505961031172,0.04357041234838811,-5.2067203346069775,-5.271836379289639,1.0927102770529378,0.9328850384557391,1.0584083052521411,0.9123013143065588,0.0001481901973753252,8.89555051804792e-05,5,4.973819218137462,0.3573952659844372,/home/pzc/Documents/phd/programming_projects/selective_attention/sweep_blahut_arimoto_optimisation/results/artifacts/pagw_b2=4.973819_b3=0.357395.npy
-5.419746397662906,-5.595393953720061,0.2651854163274304,-5.207261026232509,-5.454539140830049,1.0927102770529378,0.7143429830451515,1.0534865302991003,0.6986443085236348,0.000342789593256154,0.00019711649244985794,5,4.973819218137462,0.5048342314734532,/home/pzc/Documents/phd/programming_projects/selective_attention/sweep_blahut_arimoto_optimisation/results/artifacts/pagw_b2=4.973819_b3=0.504834.npy
-5.214719763126218,-5.314204551952704,0.08122898993114222,-5.214719763126218,-5.214682080631675,36.14821430734476,14.597915159049894,-1.283318151373873e-16,5.042796759183304e-17,0.0,0.5637284425068513,5,5.011872336272722,5.664333240765637,/home/pzc/Documents/phd/programming_projects/selective_attention/sweep_blahut_arimoto_optimisation/results/artifacts/pagw_b2=5.011872_b3=5.664333.npy
-5.21444014693433,-5.31306746557075,0.08052886845270657,-5.21444014693433,-5.214399844595131,36.84136148790471,14.736544595161885,-1.4773572586634173e-17,-5.315508525048923e-17,0.0,0.5646985784227394,5,5.011872336272722,5.72324104745849,/home/pzc/Documents/phd/programming_projects/selective_attention/sweep_blahut_arimoto_optimisation/results/artifacts/pagw_b2=5.011872_b3=5.723241.npy
-5.209803304316622,-5.292011899930488,0.06712303724158993,-5.209803304316622,-5.2097230495824585,36.84136148790471,14.597915159049895,-7.89396998500788e-17,5.993444466586789e-17,0.0,0.5825604470570491,5,5.011872336272722,7.079457843841379,/home/pzc/Documents/phd/programming_projects/selective_attention/sweep_blahut_arimoto_optimisation/results/artifacts/pagw_b2=5.011872_b3=7.079458.npy
-5.207903264174126,-5.61193088378315,0.4948307550167035,-5.207903264174126,-5.2055001824073415,36.148214307344766,22.183769720944024,-4.939063495560797e-17,0.24722361060986292,0.0,2.8572117221293842,5,5.011872336272722,8.001083367836141,/home/pzc/Documents/phd/programming_projects/selective_attention/sweep_blahut_arimoto_optimisation/results/artifacts/pagw_b2=5.011872_b3=8.001083.npy
-5.207762940892877,-5.2808855227077816,0.059704338040477645,-5.207762940892877,-5.207667206711099,36.14821430734476,14.459285722937903,-4.432362358621405e-17,-1.7729449434485598e-17,0.0,0.5919183089740998,5,5.011872336272722,8.084292856461175,/home/pzc/Documents/phd/programming_projects/selective_attention/sweep_blahut_arimoto_optimisation/results/artifacts/pagw_b2=5.011872_b3=8.084293.npy
-5.205437738150004,-7.517793921232288,1.82132483487538,-5.205437738150004,-5.236008972418894,36.84136148790471,15.197765512890664,-9.371426446209247e-17,0.3573628339908169,0.0,22.104816892701596,5,5.011872336272722,10.0,/home/pzc/Documents/phd/programming_projects/selective_attention/sweep_blahut_arimoto_optimisation/results/artifacts/pagw_b2=5.011872_b3=10.000000.npy
-5.411662842928863,-5.589943667336397,0.26803285134790444,-5.205022210626925,-5.453698503880222,1.0927102770529378,0.7143429830451512,1.0699174729334124,0.7055329814349609,7.190879343342e-06,2.807096530406351e-06,5,5.17947467923121,0.1,/home/pzc/Documents/phd/programming_projects/selective_attention/sweep_blahut_arimoto_optimisation/results/artifacts/pagw_b2=5.179475_b3=0.100000.npy
-5.4115966785007465,-5.7131861358211795,0.3336039592248099,-5.205155480175822,-5.603842869637503,1.0927102770529378,0.5757135469331629,1.0684839827109474,0.5660317730855038,2.881343328258119e-05,1.1514740427448322e-05,5,5.17947467923121,0.19306977288832505,/home/pzc/Documents/phd/programming_projects/selective_attention/sweep_blahut_arimoto_optimisation/results/artifacts/pagw_b2=5.179475_b3=0.193070.npy
-5.410626269075431,-5.631260427987815,0.23482713767498084,-5.207807002867072,-5.3472424419840525,1.0927102770529378,0.5757135469331629,1.0416820097350847,0.5552356093515065,0.0017019571669528632,0.17681877300675608,5,5.17947467923121,1.0,/home/pzc/Documents/phd/programming_projects/selective_attention/sweep_blahut_arimoto_optimisation/results/artifacts/pagw_b2=5.179475_b3=1.000000.npy
-5.395933653818814,-5.39593365381882,5.224422199693188e-15,-5.217374312828111,-5.217374312827191,-1.4802973661668756e-16,-1.4802973661668756e-16,-1.0811178837639411e-16,-7.304067064443765e-17,0.9248435854015532,0.924843585406351,5,5.17947467923121,5.17947467923121,/home/pzc/Documents/phd/programming_projects/selective_attention/sweep_blahut_arimoto_optimisation/results/artifacts/pagw_b2=5.179475_b3=5.179475.npy
-5.306007242898627,-6.108165137946793,1.539924706902296,-5.2052514248426816,-5.3042704272205405,-1.4802973661668756e-16,14.597915159049895,-2.0937305641770925e-16,0.13862943611198814,1.0075581805594533,7.771295569804748,5,5.17947467923121,10.0,/home/pzc/Documents/phd/programming_projects/selective_attention/sweep_blahut_arimoto_optimisation/results/artifacts/pagw_b2=5.179475_b3=10.000000.npy
-5.368612293033071,-5.432880611238659,0.05245368195583554,-5.202150388942492,-5.302450512735126,1.0927102770529378,0.8537328897160155,1.0862766506360797,0.8512190366809114,5.4200954890325464e-06,2.1860985630734806e-06,5,6.5268514222638645,0.18098477308136654,/home/pzc/Documents/phd/programming_projects/selective_attention/sweep_blahut_arimoto_optimisation/results/artifacts/pagw_b2=6.526851_b3=0.180985.npy
-5.36859944065256,-5.690461890030487,0.3526476708099263,-5.202211989588643,-5.602666996191832,1.0927102770529378,0.5757135469331633,1.085680876943269,0.5729021174749525,1.195797242814508e-05,4.782890166536467e-06,5,6.5268514222638645,0.2556477869824599,/home/pzc/Documents/phd/programming_projects/selective_attention/sweep_blahut_arimoto_optimisation/results/artifacts/pagw_b2=6.526851_b3=0.255648.npy
-5.368578694914693,-5.540229160131085,0.292691629569149,-5.202311381890927,-5.41922887989489,1.0927102770529378,0.7942556023437509,1.0847032561391785,0.7894515814338977,2.7596759682219097e-05,1.6557741133260608e-05,5,6.5268514222638645,0.3611120973124448,/home/pzc/Documents/phd/programming_projects/selective_attention/sweep_blahut_arimoto_optimisation/results/artifacts/pagw_b2=6.526851_b3=0.361112.npy
-5.36854377328835,-5.561664165925052,0.28313453868441996,-5.202467647824314,-5.452398294210146,1.0927102770529378,0.7151034536040268,1.08309337638751,0.7112938918281257,6.727447346942809e-05,0.00014600440251251586,5,6.5268514222638645,0.5100843952712939,/home/pzc/Documents/phd/programming_projects/selective_attention/sweep_blahut_arimoto_optimisation/results/artifacts/pagw_b2=6.526851_b3=0.510084.npy
-5.368481258696007,-5.548500662712773,0.2572936347764083,-5.20271906168154,-5.365420068795052,1.0927102770529378,0.7151034536040268,1.0803144558321183,0.7101658801331489,0.000175609176904729,0.053515253826911816,5,6.5268514222638645,0.720513359246896,/home/pzc/Documents/phd/programming_projects/selective_attention/sweep_blahut_arimoto_optimisation/results/artifacts/pagw_b2=6.526851_b3=0.720513.npy
-5.356773190017217,-5.553918331490076,0.28724390396637045,-5.201827764464489,-5.452363851865435,1.0927102770529378,0.7151034536040264,1.0884158512777995,0.713416834322038,6.670121230664954e-06,2.705354007031178e-06,5,7.025706385785358,0.25301647191252996,/home/pzc/Documents/phd/programming_projects/selective_attention/sweep_blahut_arimoto_optimisation/results/artifacts/pagw_b2=7.025706_b3=0.253016.npy
-5.356761435265266,-5.684220073068345,0.3578879093775345,-5.201890302665286,-5.602427431370314,1.0927102770529378,0.576474017492039,1.0877735903227912,0.5745268873287566,1.5541440807407048e-05,6.317897276362342e-06,5,7.025706385785358,0.3573952659844372,/home/pzc/Documents/phd/programming_projects/selective_attention/sweep_blahut_arimoto_optimisation/results/artifacts/pagw_b2=7.025706_b3=0.357395.npy
-5.356761435229989,-5.423605528437183,0.05457797343772711,-5.201890303281413,-5.3024618454708685,1.0927102770529378,0.8529724191571401,1.087773585445664,0.8509977377301894,1.554145609652034e-05,6.216744208900409e-06,5,7.025706385785358,0.35739526598443727,/home/pzc/Documents/phd/programming_projects/selective_attention/sweep_blahut_arimoto_optimisation/results/artifacts/pagw_b2=7.025706_b3=0.357395.npy
-5.356741420266437,-5.553911920992353,0.2872692344344386,-5.201989956479596,-5.4524295613879,1.0927102770529378,0.7143429830451512,1.0867038055341827,0.7119403436179432,3.84096609390201e-05,7.508291661780311e-05,5,7.025706385785358,0.5048342314734532,/home/pzc/Documents/phd/programming_projects/selective_attention/sweep_blahut_arimoto_optimisation/results/artifacts/pagw_b2=7.025706_b3=0.504834.npy
-5.356704982282357,-5.541525506069315,0.26294596214319843,-5.202153717808137,-5.367297850573501,1.0927102770529378,0.7143429830451512,1.0848241675887493,0.7111880929404467,0.00010227356751058185,0.05205688411647089,5,7.025706385785358,0.7130973057670268,/home/pzc/Documents/phd/programming_projects/selective_attention/sweep_blahut_arimoto_optimisation/results/artifacts/pagw_b2=7.025706_b3=0.713097.npy
-5.3555668726453005,-5.530772010182531,0.29765338625121196,-5.2019524565325375,-5.418903141679507,1.0927102770529378,0.7942556023437509,1.0869982012068622,0.790828338989218,3.6266836108055046e-05,8.147847078667891e-05,5,7.079457843841379,0.5048342314734533,/home/pzc/Documents/phd/programming_projects/selective_attention/sweep_blahut_arimoto_optimisation/results/artifacts/pagw_b2=7.079458_b3=0.504834.npy
-5.355566122790041,-5.400312578506338,0.05479231165725202,-5.201956076121028,-5.26881416719809,1.0927102770529378,0.9340605822693604,1.08695808900913,0.9306188731327915,3.730535550325777e-05,2.2954565356778063e-05,5,7.079457843841379,0.5100843952712939,/home/pzc/Documents/phd/programming_projects/selective_attention/sweep_blahut_arimoto_optimisation/results/artifacts/pagw_b2=7.079458_b3=0.510084.npy
-5.355532425131842,-5.422664474055007,0.05481308841155327,-5.202108962911707,-5.302549354806712,1.0927102770529378,0.852972419157139,1.0851939705245401,0.8499653024715345,9.679551717440006e-05,3.874194305472311e-05,5,7.079457843841379,0.7130973057670268,/home/pzc/Documents/phd/programming_projects/selective_attention/sweep_blahut_arimoto_optimisation/results/artifacts/pagw_b2=7.079458_b3=0.713097.npy
-5.355531006378271,-5.657326694087537,0.32651023367866977,-5.202115029437904,-5.427919601796906,1.0927102770529378,0.5764740174920385,1.0851212003594712,0.5734472917372943,9.98151243190236e-05,0.10692815207000302,5,7.079457843841379,0.720513359246896,/home/pzc/Documents/phd/programming_projects/selective_attention/sweep_blahut_arimoto_optimisation/results/artifacts/pagw_b2=7.079458_b3=0.720513.npy
-5.355462699538997,-5.51168633397665,0.2066481066626106,-5.201834195317857,-5.323045175020772,1.096512629847316,0.7158639241629026,1.0855469282877253,0.7114735917712471,0.000293041934184201,0.08878423347311001,5,7.079457843841379,1.0072767173652575,/home/pzc/Documents/phd/programming_projects/selective_attention/sweep_blahut_arimoto_optimisation/results/artifacts/pagw_b2=7.079458_b3=1.007277.npy
-5.355459654793961,-5.5107750540609395,0.20488278227628207,-5.201844932889894,-5.322319127609458,1.096512629847316,0.7151034536040268,1.0854015010471545,0.7106667992797145,0.0003029693334254337,0.0896350345333773,5,7.079457843841379,1.017752171338503,/home/pzc/Documents/phd/programming_projects/selective_attention/sweep_blahut_arimoto_optimisation/results/artifacts/pagw_b2=7.079458_b3=1.017752.npy
-5.3553094831663355,-5.482063276179733,0.1506174469675066,-5.202310211929586,-5.296328079963949,1.096512629847316,0.7158639241629026,1.078562425607954,0.6989330841009646,0.0009223821323428622,0.12379678009238582,5,7.079457843841379,1.4228161811027888,/home/pzc/Documents/phd/programming_projects/selective_attention/sweep_blahut_arimoto_optimisation/results/artifacts/pagw_b2=7.079458_b3=1.422816.npy
-5.355302691864257,-5.4811608362284545,0.1490700248117335,-5.2023289453772685,-5.295165449032624,1.096512629847316,0.7158639241629026,1.0782660284605805,0.6977141653074039,0.0009554688371182079,0.12570581677709747,5,7.079457843841379,1.4376131531369656,/home/pzc/Documents/phd/programming_projects/selective_attention/sweep_blahut_arimoto_optimisation/results/artifacts/pagw_b2=7.079458_b3=1.437613.npy
-5.354958763737883,-5.501115859335522,0.12713330404184697,-5.203128618867814,-5.244569831000582,1.096512629847316,0.5717874466442782,1.064245515309916,0.5452849608898257,0.003017626618230272,0.3608009194467813,5,7.079457843841379,2.0097812749044577,/home/pzc/Documents/phd/programming_projects/selective_attention/sweep_blahut_arimoto_optimisation/results/artifacts/pagw_b2=7.079458_b3=2.009781.npy
-5.354943033382692,-5.523018702320005,0.13723320902363625,-5.203160122995321,-5.259796073959042,1.096512629847316,0.4386050519389264,1.0636417569331527,0.42545670278305964,0.003126274003833849,0.4124829454702764,5,7.079457843841379,2.030682553449465,/home/pzc/Documents/phd/programming_projects/selective_attention/sweep_blahut_arimoto_optimisation/results/artifacts/pagw_b2=7.079458_b3=2.030683.npy
-5.354157898851366,-5.43920677810934,0.07994372561756613,-5.204440326068652,-5.235095487027321,1.096512629847316,0.5772344880509143,1.0362204710850982,0.523427586831737,0.009503305122632182,0.36955321084003534,5,7.079457843841379,2.8388915072823315,/home/pzc/Documents/phd/programming_projects/selective_attention/sweep_blahut_arimoto_optimisation/results/artifacts/pagw_b2=7.079458_b3=2.838892.npy
-5.3541228725953065,-5.414417534998212,0.06397363658151627,-5.204488083536161,-5.2276075007595395,1.096512629847316,0.7076450439638764,1.0350958989406518,0.6620225557149614,0.009820327166148897,0.2676141528999737,5,7.079457843841379,2.8684153479577725,/home/pzc/Documents/phd/programming_projects/selective_attention/sweep_blahut_arimoto_optimisation/results/artifacts/pagw_b2=7.079458_b3=2.868415.npy
-5.352483555727029,-5.37347004643309,0.017135397906835645,-5.2062658495880285,-5.214221631202541,1.096512629847316,0.8366856211858547,0.9885787478856405,0.7555751158454942,0.02637502674747304,0.21060972418604074,5,7.079457843841379,4.010040839146975,/home/pzc/Documents/phd/programming_projects/selective_attention/sweep_blahut_arimoto_optimisation/results/artifacts/pagw_b2=7.079458_b3=4.010041.npy
-5.3524149054943155,-5.36609908238964,0.016741390274593707,-5.206326472442432,-5.211558322670818,1.096512629847316,0.9225341535141329,0.9868392233541248,0.8314098648730781,0.027121111480203196,0.15032374693191308,5,7.079457843841379,4.051744372562496,/home/pzc/Documents/phd/programming_projects/selective_attention/sweep_blahut_arimoto_optimisation/results/artifacts/pagw_b2=7.079458_b3=4.051744.npy
-5.349502542936048,-5.364251951451135,0.013956317603511346,-5.2083540120734,-5.2115948971153925,1.096512629847316,0.5699102765649949,0.9232214755282854,0.48290197426998543,0.06083511598267926,0.4783265318486297,5,7.079457843841379,5.664333240765637,/home/pzc/Documents/phd/programming_projects/selective_attention/sweep_blahut_arimoto_optimisation/results/artifacts/pagw_b2=7.079458_b3=5.664333.npy
-5.349390776838834,-5.363378783556686,0.013240586958957717,-5.208416585793321,-5.211465247008695,1.096512629847316,0.5702556738691251,0.9210996891398366,0.4819952645016155,0.06218531312375431,0.47977870067020056,5,7.079457843841379,5.72324104745849,/home/pzc/Documents/phd/programming_projects/selective_attention/sweep_blahut_arimoto_optimisation/results/artifacts/pagw_b2=7.079458_b3=5.723241.npy
-5.34681763033973,-5.346817630339734,3.640448215221994e-15,-5.209669546426348,-5.209669546426341,-1.4802973661668756e-16,-1.4802973661668756e-16,7.850233936815526e-17,2.6015970458213814e-17,0.9709340784284152,0.9709340784284773,5,7.079457843841379,7.079457843841379,/home/pzc/Documents/phd/programming_projects/selective_attention/sweep_blahut_arimoto_optimisation/results/artifacts/pagw_b2=7.079458_b3=7.079458.npy
-5.207769484282377,-5.478383229053188,0.42170549073254726,-5.207769484282377,-5.209242097928156,36.148214307344766,14.619187277595378,-1.3007980708046742e-16,0.11650989700613201,0.0,2.021743115288822,5,7.079457843841379,8.001083367836141,/home/pzc/Documents/phd/programming_projects/selective_attention/sweep_blahut_arimoto_optimisation/results/artifacts/pagw_b2=7.079458_b3=8.001083.npy
-5.207629160380721,-5.28083201050292,0.059769876838939154,-5.207629160380721,-5.207613694506237,36.84136148790471,14.597915159049895,1.3462448021160924e-17,2.1085449404877208e-17,0.0,0.5919183089740998,5,7.079457843841379,8.084292856461175,/home/pzc/Documents/phd/programming_projects/selective_attention/sweep_blahut_arimoto_optimisation/results/artifacts/pagw_b2=7.079458_b3=8.084293.npy
-5.20530395436853,-5.513423007286384,0.5174981916089035,-5.20530395436853,-5.218312079536497,36.14821430734476,14.613023646192724,2.6924904612799365e-17,0.12886332581534438,0.0,2.769084991659752,5,7.079457843841379,10.0,/home/pzc/Documents/phd/programming_projects/selective_attention/sweep_blahut_arimoto_optimisation/results/artifacts/pagw_b2=7.079458_b3=10.000000.npy
-5.353094390977674,-5.420734275297055,0.05522574709453575,-5.201121188747442,-5.302277275754397,1.096512629847316,0.8537328897160142,1.0936786826566685,0.8524945270870135,7.042045892046221e-07,3.269106140572405e-07,5,7.196856730011517,0.1,/home/pzc/Documents/phd/programming_projects/selective_attention/sweep_blahut_arimoto_optimisation/results/artifacts/pagw_b2=7.196857_b3=0.100000.npy
-5.35309156853619,-5.5515056478499485,0.28853609962411875,-5.201137181497073,-5.452198300347916,1.096512629847316,0.7158639241629026,1.0935192501125197,0.7146709502783513,1.442287285013098e-06,5.753852094613481e-07,5,7.196856730011517,0.1389495494373138,/home/pzc/Documents/phd/programming_projects/selective_attention/sweep_blahut_arimoto_optimisation/results/artifacts/pagw_b2=7.196857_b3=0.138950.npy
-5.3529620631657435,-5.420679998290477,0.05528738464747265,-5.201715682157285,-5.302500368216276,1.096512629847316,0.8537328897160146,1.0866567684578887,0.849797340720013,0.0002559126382272957,0.00010067246812731109,5,7.196856730011517,1.0,/home/pzc/Documents/phd/programming_projects/selective_attention/sweep_blahut_arimoto_optimisation/results/artifacts/pagw_b2=7.196857_b3=1.000000.npy
-5.3445780399309655,-5.344578039930967,7.944109290391273e-16,-5.20938265795183,-5.20938265795217,-1.4802973661668756e-16,-1.4802973661668756e-16,9.190224689029272e-17,-1.529604444213061e-17,0.9729817946630201,0.9729817946605852,5,7.196856730011517,7.196856730011517,/home/pzc/Documents/phd/programming_projects/selective_attention/sweep_blahut_arimoto_optimisation/results/artifacts/pagw_b2=7.196857_b3=7.196857.npy
-5.205300250539799,-5.7465630795805325,0.622881845181277,-5.205300250539799,-5.2291318455013975,36.84136148790471,14.911272749877408,-2.2204460492503123e-16,0.2559817644062353,0.0,4.818626832507204,5,7.196856730011517,10.0,/home/pzc/Documents/phd/programming_projects/selective_attention/sweep_blahut_arimoto_optimisation/results/artifacts/pagw_b2=7.196857_b3=10.000000.npy
-5.319707214181882,-5.39469862630912,0.06123023129160994,-5.200821141956602,-5.302034175673702,1.096512629847316,0.8544933602748916,1.0960384722479821,0.8543037480801695,6.233153817021192e-07,2.4928424596068064e-07,5,9.219422682122131,0.2556477869824599,/home/pzc/Documents/phd/programming_projects/selective_attention/sweep_blahut_arimoto_optimisation/results/artifacts/pagw_b2=9.219423_b3=0.255648.npy
-5.31970611279767,-5.529699774985895,0.30024932308575814,-5.2008290834729305,-5.452075618146049,1.096512629847316,0.7158639241629021,1.0959386985163675,0.7156343525826037,1.5229553427579844e-06,6.094507521294916e-07,5,9.219422682122131,0.3611120973124448,/home/pzc/Documents/phd/programming_projects/selective_attention/sweep_blahut_arimoto_optimisation/results/artifacts/pagw_b2=9.219423_b3=0.361112.npy
-5.319704095925839,-5.504714200408048,0.3113124664368211,-5.200843107964314,-5.418128324972683,1.096512629847316,0.7965370140203774,1.0957563993910426,0.7960833017384985,4.054873866715638e-06,0.00012108248628062226,5,9.219422682122131,0.5100843952712939,/home/pzc/Documents/phd/programming_projects/selective_attention/sweep_blahut_arimoto_optimisation/results/artifacts/pagw_b2=9.219423_b3=0.510084.npy
-5.319700078440097,-5.638448821176709,0.3424131982750642,-5.200868474537065,-5.427530525539193,1.096512629847316,0.5772344880509147,1.0954059003478935,0.576791794493545,1.1948143487478194e-05,0.10689220271672344,5,9.219422682122131,0.720513359246896,/home/pzc/Documents/phd/programming_projects/selective_attention/sweep_blahut_arimoto_optimisation/results/artifacts/pagw_b2=9.219423_b3=0.720513.npy
-5.311264955103432,-5.524187977206106,0.30321656416877607,-5.200797311255782,-5.452062908128511,1.096512629847316,0.7158639241629029,1.09627802252068,0.7157700988986868,2.8184629357135686e-07,1.1287506033091922e-07,5,9.924074047417655,0.25301647191252996,/home/pzc/Documents/phd/programming_projects/selective_attention/sweep_blahut_arimoto_optimisation/results/artifacts/pagw_b2=9.924074_b3=0.253016.npy
-5.311264455777065,-5.660257034306741,0.37803882804142647,-5.200801147828497,-5.602102702507986,1.096512629847316,0.5772344880509143,1.0962268096650027,0.5771201876462739,6.928151075864528e-07,2.7756277052327996e-07,5,9.924074047417655,0.3573952659844372,/home/pzc/Documents/phd/programming_projects/selective_attention/sweep_blahut_arimoto_optimisation/results/artifacts/pagw_b2=9.924074_b3=0.357395.npy
-5.31126445585917,-5.524187777188362,0.303216703949906,-5.200801145786662,-5.452064442945977,1.096512629847316,0.7158639241629026,1.096226832361754,0.7157496076969796,6.927568165672276e-07,2.773671635424754e-07,5,9.924074047417655,0.35739526598443727,/home/pzc/Documents/phd/programming_projects/selective_attention/sweep_blahut_arimoto_optimisation/results/artifacts/pagw_b2=9.924074_b3=0.357395.npy
-5.311263522042414,-5.660272422254937,0.37805832858337685,-5.200808247257191,-5.601884723523975,1.096512629847316,0.5772344880509143,1.0961294227636982,0.5770812054719601,1.8772496614050419e-06,0.00012018669349792549,5,9.924074047417655,0.5048342314734532,/home/pzc/Documents/phd/programming_projects/selective_attention/sweep_blahut_arimoto_optimisation/results/artifacts/pagw_b2=9.924074_b3=0.504834.npy
-5.31126161561231,-5.362498794425013,0.06275247196769065,-5.2008214858216375,-5.268296707314918,1.096512629847316,0.9351664501323661,1.095936959626783,0.934821047820318,5.6813270236202395e-06,3.4088212351518467e-06,5,9.924074047417655,0.7130973057670268,/home/pzc/Documents/phd/programming_projects/selective_attention/sweep_blahut_arimoto_optimisation/results/artifacts/pagw_b2=9.924074_b3=0.713097.npy
-5.310428576457719,-5.387467594920271,0.06290177755045308,-5.200824887179228,-5.302038827725601,1.096512629847316,0.8544933602748916,1.0960266630511,0.8542814408363062,1.0229733803787623e-07,6.231110395181537e-08,5,10.0,0.1,/home/pzc/Documents/phd/programming_projects/selective_attention/sweep_blahut_arimoto_optimisation/results/artifacts/pagw_b2=10.000000_b3=0.100000.npy
-5.310426609892655,-5.795991195730378,0.39646174242969573,-5.200795211467195,-5.752140558247431,1.096512629847316,0.4386050519389264,1.0963087078628262,0.4385036737054945,7.331522601352094e-08,3.753199583059635e-08,5,10.0,0.13894954943731375,/home/pzc/Documents/phd/programming_projects/selective_attention/sweep_blahut_arimoto_optimisation/results/artifacts/pagw_b2=10.000000_b3=0.138950.npy
-5.310426431081178,-5.387465128769699,0.06290183170757463,-5.200794555497807,-5.302023500207765,1.096512629847316,0.8544933602748899,1.0963115550672557,0.8544134213991231,1.390250343410399e-07,5.529943433670589e-08,5,10.0,0.193069772888325,/home/pzc/Documents/phd/programming_projects/selective_attention/sweep_blahut_arimoto_optimisation/results/artifacts/pagw_b2=10.000000_b3=0.193070.npy
-5.310426157672485,-5.659815654694272,0.3784103651851165,-5.200796149846964,-5.602100699354329,1.096512629847316,0.5772344880509143,1.0962888757285092,0.577145063522346,3.005297130846885e-07,1.2044974347327364e-07,5,10.0,0.2682695795279726,/home/pzc/Documents/phd/programming_projects/selective_attention/sweep_blahut_arimoto_optimisation/results/artifacts/pagw_b2=10.000000_b3=0.268270.npy
-5.310425758907912,-5.387464858377565,0.06290216123833875,-5.200799242056371,-5.302025419762197,1.096512629847316,0.8544933602748899,1.0962473023852366,0.8543872394541495,6.385270342649851e-07,2.5541965783344185e-07,5,10.0,0.35739526598443727,/home/pzc/Documents/phd/programming_projects/selective_attention/sweep_blahut_arimoto_optimisation/results/artifacts/pagw_b2=10.000000_b3=0.357395.npy
-5.3104257404223505,-5.523640169059746,0.3035116458223153,-5.200799387408771,-5.452063738187239,1.096512629847316,0.7158639241629021,1.0962453376509933,0.7157570255529635,6.569526343646042e-07,2.6300415561369273e-07,5,10.0,0.3611120973124448,/home/pzc/Documents/phd/programming_projects/selective_attention/sweep_blahut_arimoto_optimisation/results/artifacts/pagw_b2=10.000000_b3=0.361112.npy
-5.31042568151993,-5.523640145468599,0.30351166238223287,-5.200799849541939,-5.4520639235092485,1.096512629847316,0.7158639241629021,1.09623907824516,0.7157545158073269,7.172462408073094e-07,2.87165849543951e-07,5,10.0,0.372759372031494,/home/pzc/Documents/phd/programming_projects/selective_attention/sweep_blahut_arimoto_optimisation/results/artifacts/pagw_b2=10.000000_b3=0.372759.npy
-5.310424897720562,-5.523647712630498,0.303527359673636,-5.200805846879343,-5.451955912961564,1.096512629847316,0.7158639241629021,1.0961561660101382,0.7157213385217995,1.7337220147009685e-06,6.0411400634868754e-05,5,10.0,0.5048342314734532,/home/pzc/Documents/phd/programming_projects/selective_attention/sweep_blahut_arimoto_optimisation/results/artifacts/pagw_b2=10.000000_b3=0.504834.npy
-5.310424897729064,-5.387464513741564,0.06290258306623878,-5.200805846734607,-5.302028062437482,1.096512629847316,0.8544933602748903,1.0961561676945815,0.8543507756047163,1.7337143376559476e-06,6.935127995013829e-07,5,10.0,0.5048342314734533,/home/pzc/Documents/phd/programming_projects/selective_attention/sweep_blahut_arimoto_optimisation/results/artifacts/pagw_b2=10.000000_b3=0.504834.npy
-5.310424861819095,-5.65984112154194,0.3784424244426872,-5.200806113216535,-5.601665462428076,1.096512629847316,0.5772344880509147,1.0961524077654656,0.5770904002582965,1.7892873103431765e-06,0.00023801511534234316,5,10.0,0.5100843952712939,/home/pzc/Documents/phd/programming_projects/selective_attention/sweep_blahut_arimoto_optimisation/results/artifacts/pagw_b2=10.000000_b3=0.510084.npy
-5.310424807339114,-5.387464477569309,0.06290262733854972,-5.200806515798332,-5.302028330086475,1.096512629847316,0.8544933602748903,1.0961467139973717,0.8543469937788541,1.8750428876064026e-06,7.500422919226418e-07,5,10.0,0.517947467923121,/home/pzc/Documents/phd/programming_projects/selective_attention/sweep_blahut_arimoto_optimisation/results/artifacts/pagw_b2=10.000000_b3=0.517947.npy
-5.310423134051156,-5.511275170666164,0.27927024903085446,-5.200818209107921,-5.366763612378671,1.096512629847316,0.7158639241629033,1.095975433297493,0.715649045111905,5.263808688868745e-06,0.052018062272601306,5,10.0,0.7130973057670268,/home/pzc/Documents/phd/programming_projects/selective_attention/sweep_blahut_arimoto_optimisation/results/artifacts/pagw_b2=10.000000_b3=0.713097.npy
-5.310423065415738,-5.7568700810392945,0.364522461820739,-5.200818664987518,-5.490904555552982,1.096512629847316,0.4386050519389264,1.0959685390029588,0.43838741568851625,5.431128027546989e-06,0.1598614639752194,5,10.0,0.7196856730011519,/home/pzc/Documents/phd/programming_projects/selective_attention/sweep_blahut_arimoto_optimisation/results/artifacts/pagw_b2=10.000000_b3=0.719686.npy
-5.310423056726959,-5.756614537330248,0.3643138183508665,-5.200818722599482,-5.490249330598092,1.096512629847316,0.4386050519389264,1.0959676667448552,0.43838706675218475,5.452450975545897e-06,0.1603333160774775,5,10.0,0.720513359246896,/home/pzc/Documents/phd/programming_projects/selective_attention/sweep_blahut_arimoto_optimisation/results/artifacts/pagw_b2=10.000000_b3=0.720513.npy
-5.310419184308769,-5.673683648171098,0.29660419271567384,-5.20084239048449,-5.365654841807027,1.096512629847316,0.4386050519389264,1.0955906608984871,0.4382362643820287,1.772773442971629e-05,0.26420517992586623,5,10.0,1.0,/home/pzc/Documents/phd/programming_projects/selective_attention/sweep_blahut_arimoto_optimisation/results/artifacts/pagw_b2=10.000000_b3=1.000000.npy
-5.310419054468161,-5.482230944031224,0.2227478726124528,-5.200843128958191,-5.322648485521148,1.096512629847316,0.7158639241629029,1.0955783529965533,0.7154901975467313,1.8221847662733402e-05,0.0886740332079171,5,10.0,1.0072767173652575,/home/pzc/Documents/phd/programming_projects/selective_attention/sweep_blahut_arimoto_optimisation/results/artifacts/pagw_b2=10.000000_b3=1.007277.npy
-5.310418864568531,-5.481320498907142,0.2209892359158625,-5.20084420384374,-5.321810282720562,1.096512629847316,0.7158639241629021,1.0955603843804982,0.7154830084095511,1.89528727663292e-05,0.08952343033810277,5,10.0,1.017752171338503,/home/pzc/Documents/phd/programming_projects/selective_attention/sweep_blahut_arimoto_optimisation/results/artifacts/pagw_b2=10.000000_b3=1.017752.npy
-5.310409392213738,-5.551336312156577,0.20880596467863344,-5.200892184199837,-5.276175498229063,1.096512629847316,0.5749299386638821,1.0947013142098683,0.572162224530958,6.541271374427054e-05,0.30283302787669797,5,10.0,1.3894954943731375,/home/pzc/Documents/phd/programming_projects/selective_attention/sweep_blahut_arimoto_optimisation/results/artifacts/pagw_b2=10.000000_b3=1.389495.npy
-5.31040823401545,-5.415160232362663,0.0994094283869921,-5.2008974984895335,-5.272942376373777,1.096512629847316,0.8521888108878575,1.0946001382720585,0.8459719796784746,7.216765365919833e-05,0.08198360459812123,5,10.0,1.4228161811027888,/home/pzc/Documents/phd/programming_projects/selective_attention/sweep_blahut_arimoto_optimisation/results/artifacts/pagw_b2=10.000000_b3=1.422816.npy
-5.310407700571327,-5.5167889239501235,0.20579975415275972,-5.200899915809964,-5.298566759190554,1.096512629847316,0.5772344880509147,1.0945537633886553,0.5742615954406554,7.53430375173965e-05,0.23116245206968844,5,10.0,1.4376131531369656,/home/pzc/Documents/phd/programming_projects/selective_attention/sweep_blahut_arimoto_optimisation/results/artifacts/pagw_b2=10.000000_b3=1.437613.npy
-5.310381814590959,-5.4401424658863355,0.12856727128145723,-5.20100200476769,-5.241059812992438,1.096512629847316,0.7084103676153349,1.0924254084627631,0.6996595007749385,0.0002650249021257507,0.24928532488852193,5,10.0,1.9306977288832496,/home/pzc/Documents/phd/programming_projects/selective_attention/sweep_blahut_arimoto_optimisation/results/artifacts/pagw_b2=10.000000_b3=1.930698.npy
-5.310375917921356,-5.421049959099589,0.11984998232085431,-5.201022474364803,-5.2492872455017014,1.096512629847316,0.7106169850068574,1.0919649329531764,0.7023379064474685,0.00031543569612503146,0.20405092821243836,5,10.0,2.0097812749044577,/home/pzc/Documents/phd/programming_projects/selective_attention/sweep_blahut_arimoto_optimisation/results/artifacts/pagw_b2=10.000000_b3=2.009781.npy
-5.310374265708202,-5.4626293026104005,0.14660416043960459,-5.201028080149062,-5.25489383566567,1.096512629847316,0.5752279729099824,1.0918371429607883,0.5684435869455167,0.0003299275593345606,0.3064119409942926,5,10.0,2.030682553449465,/home/pzc/Documents/phd/programming_projects/selective_attention/sweep_blahut_arimoto_optimisation/results/artifacts/pagw_b2=10.000000_b3=2.030683.npy
-5.310299703979393,-5.345017002197817,0.04251983293914631,-5.201244226285367,-5.217290490995012,1.096512629847316,0.9269475699333392,1.0864582246561845,0.9135979835099663,0.0010989803587623038,0.09756082765569299,5,10.0,2.6826957952797246,/home/pzc/Documents/phd/programming_projects/selective_attention/sweep_blahut_arimoto_optimisation/results/artifacts/pagw_b2=10.000000_b3=2.682696.npy
-5.310274251283738,-5.394592767755858,0.0827983818275149,-5.20130759229668,-5.2194429317004865,1.096512629847316,0.7009121914782135,1.084744432809039,0.6884857257889603,0.0013973469879540617,0.3017777540967484,5,10.0,2.8388915072823315,/home/pzc/Documents/phd/programming_projects/selective_attention/sweep_blahut_arimoto_optimisation/results/artifacts/pagw_b2=10.000000_b3=2.838892.npy
-5.310269073012006,-5.3862916213383745,0.08002980759246812,-5.201320047285278,-5.224881489592702,1.096512629847316,0.7059044430047399,1.0844014462833573,0.695192255010554,0.0014596823529153995,0.26358128580981005,5,10.0,2.8684153479577725,/home/pzc/Documents/phd/programming_projects/selective_attention/sweep_blahut_arimoto_optimisation/results/artifacts/pagw_b2=10.000000_b3=2.868415.npy
-5.310062807281465,-5.344725102018609,0.02830164513949492,-5.20174121071985,-5.212967979064679,1.096512629847316,0.8366856211858547,1.0718274890463657,0.8143561119899421,0.0042451613745469316,0.18757815121444926,5,10.0,3.72759372031494,/home/pzc/Documents/phd/programming_projects/selective_attention/sweep_blahut_arimoto_optimisation/results/artifacts/pagw_b2=10.000000_b3=3.727594.npy
-5.309970264442707,-5.361881534273589,0.05085593820255647,-5.2019000141394836,-5.21099326740469,1.096512629847316,0.6986014086801976,1.0666759513916177,0.6717150925132902,0.005624704491125408,0.3357076169674276,5,10.0,4.010040839146975,/home/pzc/Documents/phd/programming_projects/selective_attention/sweep_blahut_arimoto_optimisation/results/artifacts/pagw_b2=10.000000_b3=4.010041.npy
-5.309955541000027,-5.350782500191043,0.054021317561291714,-5.201924110438748,-5.207407529463437,1.096512629847316,0.7837639633114968,1.0658774029315266,0.7564601772875038,0.005849463919607722,0.27442040417266333,5,10.0,4.051744372562496,/home/pzc/Documents/phd/programming_projects/selective_attention/sweep_blahut_arimoto_optimisation/results/artifacts/pagw_b2=10.000000_b3=4.051744.npy
-5.309457427002177,-5.36134316309222,0.04236452611632473,-5.202614940841496,-5.211470564032524,1.096512629847316,0.4386050519389264,1.0413459638231795,0.41653838553034034,0.014025446541179452,0.5605163298620487,5,10.0,5.17947467923121,/home/pzc/Documents/phd/programming_projects/selective_attention/sweep_blahut_arimoto_optimisation/results/artifacts/pagw_b2=10.000000_b3=5.179475.npy
-5.309188776524919,-5.3256872965690585,0.01347098520638909,-5.2029209644804535,-5.207030129974461,1.096512629847316,0.8335569177295223,1.0295954604491255,0.7828346931875017,0.018739121070559677,0.22869007553218998,5,10.0,5.664333240765637,/home/pzc/Documents/phd/programming_projects/selective_attention/sweep_blahut_arimoto_optimisation/results/artifacts/pagw_b2=10.000000_b3=5.664333.npy
-5.309154167547205,-5.342392327484253,0.03131780286856633,-5.202958020452389,-5.208858779124085,1.096512629847316,0.5702556738691253,1.0281400190759888,0.5347560332001474,0.019356832163944484,0.4581909172289853,5,10.0,5.72324104745849,/home/pzc/Documents/phd/programming_projects/selective_attention/sweep_blahut_arimoto_optimisation/results/artifacts/pagw_b2=10.000000_b3=5.723241.npy
-5.308261009179146,-5.326673916311127,0.01732969415705348,-5.203782305334293,-5.206851226741241,1.096512629847316,0.570255673869125,0.9941607179480687,0.5174623553501523,0.035840690177177226,0.48194438649806937,5,10.0,7.079457843841379,/home/pzc/Documents/phd/programming_projects/selective_attention/sweep_blahut_arimoto_optimisation/results/artifacts/pagw_b2=10.000000_b3=7.079458.npy
-5.3081766000641695,-5.322900483045788,0.013665211357130867,-5.2038500191078505,-5.205272369953731,1.096512629847316,0.6903178227451409,0.9912472899811848,0.5989445402165383,0.03743698327390053,0.415500872829034,5,10.0,7.196856730011517,/home/pzc/Documents/phd/programming_projects/selective_attention/sweep_blahut_arimoto_optimisation/results/artifacts/pagw_b2=10.000000_b3=7.196857.npy
-5.307577589929623,-5.32157239571153,0.011426711071613135,-5.204294654662556,-5.206365109505299,1.096512629847316,0.4386050519389264,0.9717392514025465,0.3886957005614101,0.04887869931957381,0.6107844310270819,5,10.0,8.001083367836141,/home/pzc/Documents/phd/programming_projects/selective_attention/sweep_blahut_arimoto_optimisation/results/artifacts/pagw_b2=10.000000_b3=8.001083.npy
-5.307513926811727,-5.323050306860745,0.008822381182861255,-5.204338684116281,-5.2064024153557575,1.096512629847316,0.3451589113725705,0.969775505960377,0.2912475408018983,0.050103957965794754,0.707562674658363,5,10.0,8.084292856461175,/home/pzc/Documents/phd/programming_projects/selective_attention/sweep_blahut_arimoto_optimisation/results/artifacts/pagw_b2=10.000000_b3=8.084293.npy
-5.306007242898619,-5.306007242898625,3.2023728339893768e-15,-5.205251424842662,-5.205251424842686,-1.4802973661668756e-16,-1.4802973661668756e-16,3.801464551704434e-17,-9.223592237361519e-17,1.0075581805595641,1.0075581805593878,5,10.0,10.0,/home/pzc/Documents/phd/programming_projects/selective_attention/sweep_blahut_arimoto_optimisation/results/artifacts/pagw_b2=10.000000_b3=10.000000.npy
